lat,lon,mode,name
-37.852401,144.525011,tram,PTV Stop 1
-38.128576,144.639538,train,PTV Stop 2
-37.82631,145.39218,train,PTV Stop 3
-37.886655,144.531783,train,PTV Stop 4
-38.146953,145.005355,train,PTV Stop 5
-37.907128,145.21602,bus,PTV Stop 6
-37.918541,144.720441,bus,PTV Stop 7
-38.105267,145.3693,train,PTV Stop 8
-37.811302,144.840251,train,PTV Stop 9
-38.14928,145.263494,train,PTV Stop 10
-38.235078,144.596716,tram,PTV Stop 11
-37.877392,145.307128,bus,PTV Stop 12
-37.978403,144.624826,tram,PTV Stop 13
-38.24484,144.793178,bus,PTV Stop 14
-37.867036,145.361707,bus,PTV Stop 15
-38.165398,144.569555,bus,PTV Stop 16
-38.140471,144.789388,train,PTV Stop 17
-37.701278,145.366484,tram,PTV Stop 18
-38.105418,145.135684,tram,PTV Stop 19
-38.186142,144.855271,bus,PTV Stop 20
-38.113116,145.436655,bus,PTV Stop 21
-38.250018,145.134978,bus,PTV Stop 22
-37.789611,144.663402,tram,PTV Stop 23
-38.111037,145.425391,bus,PTV Stop 24
-37.910135,145.184614,train,PTV Stop 25
-38.139666,144.5321,tram,PTV Stop 26
-38.019185,144.566189,bus,PTV Stop 27
-37.686543,144.814678,bus,PTV Stop 28
-37.950538,145.384683,bus,PTV Stop 29
-37.978804,144.76488,train,PTV Stop 30
-37.778508,145.038977,bus,PTV Stop 31
-37.89079,145.397823,tram,PTV Stop 32
-38.046602,145.497326,train,PTV Stop 33
-37.943332,144.590909,train,PTV Stop 34
-37.697228,144.652841,train,PTV Stop 35
-37.745544,144.92216,train,PTV Stop 36
-38.030663,145.095888,tram,PTV Stop 37
-37.92962,145.471078,train,PTV Stop 38
-37.823802,144.614552,bus,PTV Stop 39
-37.774386,145.268599,tram,PTV Stop 40
-38.221913,144.934765,tram,PTV Stop 41
-38.297728,145.222092,bus,PTV Stop 42
-38.115628,145.000586,train,PTV Stop 43
-37.944623,144.606411,bus,PTV Stop 44
-38.091089,145.138949,bus,PTV Stop 45
-38.160762,144.873914,train,PTV Stop 46
-37.922435,145.278626,bus,PTV Stop 47
-37.657055,145.098945,tram,PTV Stop 48
-38.286366,145.429099,tram,PTV Stop 49
-38.132383,144.740872,bus,PTV Stop 50
-37.637135,144.585653,tram,PTV Stop 51
-37.728784,145.477984,bus,PTV Stop 52
-37.763916,144.628391,tram,PTV Stop 53
-37.637206,144.665127,bus,PTV Stop 54
-37.689297,144.923138,train,PTV Stop 55
-37.649761,145.255265,bus,PTV Stop 56
-38.159194,144.811716,bus,PTV Stop 57
-37.845085,144.9381,bus,PTV Stop 58
-37.98396,144.747906,train,PTV Stop 59
-38.06334,145.088309,train,PTV Stop 60
-37.888092,144.507191,bus,PTV Stop 61
-37.858228,144.728942,train,PTV Stop 62
-37.698255,144.570857,train,PTV Stop 63
-38.105066,144.985414,bus,PTV Stop 64
-38.207382,145.435514,bus,PTV Stop 65
-37.896652,144.742997,tram,PTV Stop 66
-37.734752,144.69041,train,PTV Stop 67
-37.838712,144.854298,tram,PTV Stop 68
-37.973083,145.229076,bus,PTV Stop 69
-37.842581,145.14618,train,PTV Stop 70
-38.018165,144.839303,train,PTV Stop 71
-38.125941,144.690209,tram,PTV Stop 72
-38.201872,144.683488,tram,PTV Stop 73
-38.125135,145.423266,tram,PTV Stop 74
-37.734384,145.355967,train,PTV Stop 75
-38.264588,145.499282,train,PTV Stop 76
-37.621703,145.426367,train,PTV Stop 77
-38.183582,144.985641,train,PTV Stop 78
-37.694745,145.402443,train,PTV Stop 79
-38.034719,145.485309,tram,PTV Stop 80
-37.651437,145.285129,tram,PTV Stop 81
-38.003895,145.457318,bus,PTV Stop 82
-37.83669,144.986671,train,PTV Stop 83
-38.092305,145.468709,bus,PTV Stop 84
-37.784984,144.560958,tram,PTV Stop 85
-38.259984,145.084178,bus,PTV Stop 86
-37.656429,145.031126,train,PTV Stop 87
-37.627455,144.580111,train,PTV Stop 88
-38.252035,144.567961,train,PTV Stop 89
-38.017357,145.441596,bus,PTV Stop 90
-38.127649,145.094519,bus,PTV Stop 91
-38.242612,145.157373,bus,PTV Stop 92
-37.934052,145.434706,train,PTV Stop 93
-37.831192,144.814184,tram,PTV Stop 94
-38.02295,145.17169,tram,PTV Stop 95
-37.979943,145.429018,train,PTV Stop 96
-38.293479,145.121159,bus,PTV Stop 97
-37.602732,144.573261,train,PTV Stop 98
-37.945881,144.632457,tram,PTV Stop 99
-37.683395,145.37927,tram,PTV Stop 100
-38.100509,144.938185,bus,PTV Stop 101
-37.807522,145.111678,bus,PTV Stop 102
-37.929742,145.167863,bus,PTV Stop 103
-38.090435,145.163389,train,PTV Stop 104
-38.114874,145.389713,bus,PTV Stop 105
-37.912743,144.772348,bus,PTV Stop 106
-38.152559,144.84288,bus,PTV Stop 107
-37.856033,144.763984,tram,PTV Stop 108
-38.124215,145.408159,train,PTV Stop 109
-38.235391,144.923576,tram,PTV Stop 110
-38.269139,144.833557,train,PTV Stop 111
-37.854021,144.761955,bus,PTV Stop 112
-37.990715,145.205667,bus,PTV Stop 113
-38.293231,144.575244,bus,PTV Stop 114
-37.66725,145.04559,tram,PTV Stop 115
-37.892243,144.648094,train,PTV Stop 116
-38.27072,144.864652,train,PTV Stop 117
-37.670753,144.710077,train,PTV Stop 118
-37.833147,144.853679,bus,PTV Stop 119
-37.681106,144.906377,bus,PTV Stop 120
-37.775366,145.425764,train,PTV Stop 121
-37.694776,145.476206,train,PTV Stop 122
-37.683009,144.524786,bus,PTV Stop 123
-37.652859,145.282386,tram,PTV Stop 124
-37.738435,145.364064,train,PTV Stop 125
-38.113236,145.287375,train,PTV Stop 126
-38.032221,144.538725,tram,PTV Stop 127
-38.144296,145.316587,tram,PTV Stop 128
-38.055239,145.320536,train,PTV Stop 129
-38.143954,145.160033,tram,PTV Stop 130
-38.070217,145.364353,tram,PTV Stop 131
-38.054198,145.009406,bus,PTV Stop 132
-37.613195,145.036216,train,PTV Stop 133
-38.219261,145.470401,train,PTV Stop 134
-37.893587,145.483551,train,PTV Stop 135
-38.224118,144.934564,bus,PTV Stop 136
-37.7495,144.936394,bus,PTV Stop 137
-38.219048,145.399505,train,PTV Stop 138
-38.121694,145.208785,train,PTV Stop 139
-37.936056,145.306511,bus,PTV Stop 140
-37.796399,145.24195,bus,PTV Stop 141
-38.162075,144.931297,bus,PTV Stop 142
-37.65546,145.123155,bus,PTV Stop 143
-37.706389,145.219754,tram,PTV Stop 144
-37.945014,145.166893,tram,PTV Stop 145
-38.01832,144.795655,train,PTV Stop 146
-38.165712,145.164929,tram,PTV Stop 147
-37.825877,145.402806,bus,PTV Stop 148
-37.901626,144.906075,train,PTV Stop 149
-38.087288,144.710183,bus,PTV Stop 150
-37.875337,144.822249,tram,PTV Stop 151
-37.990488,144.713701,tram,PTV Stop 152
-37.744385,145.459832,bus,PTV Stop 153
-38.181216,144.584796,bus,PTV Stop 154
-37.835302,145.119261,train,PTV Stop 155
-37.727104,145.251138,bus,PTV Stop 156
-38.082706,145.306563,train,PTV Stop 157
-38.282902,144.744843,tram,PTV Stop 158
-37.872108,145.268489,tram,PTV Stop 159
-38.009891,145.129765,train,PTV Stop 160
-37.797158,144.883978,tram,PTV Stop 161
-38.129211,145.156058,train,PTV Stop 162
-37.675138,145.360441,train,PTV Stop 163
-37.755106,144.718841,bus,PTV Stop 164
-37.93743,144.550218,train,PTV Stop 165
-37.657771,144.621359,train,PTV Stop 166
-37.739008,145.167578,bus,PTV Stop 167
-37.883183,145.45004,tram,PTV Stop 168
-37.871143,145.219274,bus,PTV Stop 169
-38.001281,145.406855,tram,PTV Stop 170
-37.671954,145.243655,tram,PTV Stop 171
-37.984951,145.251777,bus,PTV Stop 172
-38.105882,145.277675,tram,PTV Stop 173
-37.861276,144.774597,train,PTV Stop 174
-37.800519,144.734494,tram,PTV Stop 175
-38.076203,145.040152,train,PTV Stop 176
-38.194419,144.883035,train,PTV Stop 177
-37.805507,144.564229,tram,PTV Stop 178
-38.068383,144.965924,train,PTV Stop 179
-38.155216,144.920144,bus,PTV Stop 180
-37.637757,144.519532,bus,PTV Stop 181
-38.033733,144.505896,tram,PTV Stop 182
-38.090971,144.889987,tram,PTV Stop 183
-37.923246,145.234634,bus,PTV Stop 184
-37.671532,144.988229,tram,PTV Stop 185
-37.994915,144.529025,tram,PTV Stop 186
-37.831788,145.298142,bus,PTV Stop 187
-38.184469,144.96739,train,PTV Stop 188
-37.613495,145.034124,tram,PTV Stop 189
-37.885675,145.163,train,PTV Stop 190
-37.850075,144.635699,tram,PTV Stop 191
-38.17279,144.760156,tram,PTV Stop 192
-38.151838,144.826846,tram,PTV Stop 193
-38.10522,145.451204,tram,PTV Stop 194
-38.12341,144.581906,train,PTV Stop 195
-37.775683,144.552086,tram,PTV Stop 196
-38.143044,144.568618,bus,PTV Stop 197
-38.271819,144.53103,train,PTV Stop 198
-38.160448,144.52038,train,PTV Stop 199
-38.133019,144.973561,train,PTV Stop 200
-37.905221,144.717965,bus,PTV Stop 201
-38.120629,144.868895,bus,PTV Stop 202
-37.874927,145.247926,train,PTV Stop 203
-37.755546,144.663766,tram,PTV Stop 204
-38.224331,144.525678,tram,PTV Stop 205
-37.896942,145.408026,tram,PTV Stop 206
-38.022342,145.215015,train,PTV Stop 207
-37.885531,145.330572,train,PTV Stop 208
-38.228669,145.272481,bus,PTV Stop 209
-37.879712,144.621055,bus,PTV Stop 210
-37.752155,144.847204,tram,PTV Stop 211
-37.836935,144.568957,bus,PTV Stop 212
-38.061138,145.349576,tram,PTV Stop 213
-38.226123,145.460788,bus,PTV Stop 214
-37.675897,144.959739,train,PTV Stop 215
-37.995159,145.233795,bus,PTV Stop 216
-38.110942,145.308199,bus,PTV Stop 217
-37.757751,144.964874,bus,PTV Stop 218
-37.885268,144.822305,train,PTV Stop 219
-37.718488,144.586663,tram,PTV Stop 220
-38.129296,144.964708,bus,PTV Stop 221
-37.832268,144.836397,tram,PTV Stop 222
-37.704333,144.68184,train,PTV Stop 223
-38.051623,144.758352,tram,PTV Stop 224
-37.683776,145.201184,tram,PTV Stop 225
-37.910946,145.016627,train,PTV Stop 226
-38.240071,145.220075,tram,PTV Stop 227
-37.911377,144.740324,tram,PTV Stop 228
-37.847868,144.990821,train,PTV Stop 229
-38.234863,144.721596,bus,PTV Stop 230
-38.129686,145.16396,tram,PTV Stop 231
-37.968718,145.030922,tram,PTV Stop 232
-37.602358,145.050388,tram,PTV Stop 233
-37.808002,144.770916,tram,PTV Stop 234
-38.138623,145.221284,tram,PTV Stop 235
-38.216312,145.035864,bus,PTV Stop 236
-38.170395,144.716385,tram,PTV Stop 237
-38.10645,145.089587,bus,PTV Stop 238
-37.882246,145.480511,train,PTV Stop 239
-38.092627,144.860881,tram,PTV Stop 240
-38.290096,145.034135,tram,PTV Stop 241
-38.268139,144.554526,tram,PTV Stop 242
-37.811808,144.626279,tram,PTV Stop 243
-38.228189,144.512265,tram,PTV Stop 244
-37.971422,144.940469,train,PTV Stop 245
-37.624152,144.752478,tram,PTV Stop 246
-38.220139,144.565343,tram,PTV Stop 247
-38.248142,145.129446,train,PTV Stop 248
-38.193791,145.311142,tram,PTV Stop 249
-38.240373,144.748191,bus,PTV Stop 250
-37.76489,145.106318,bus,PTV Stop 251
-38.142019,145.022573,tram,PTV Stop 252
-37.664047,144.797353,bus,PTV Stop 253
-37.606978,144.80538,bus,PTV Stop 254
-38.257839,145.460109,train,PTV Stop 255
-37.636687,144.707788,train,PTV Stop 256
-38.114748,144.581187,train,PTV Stop 257
-38.178331,144.575065,train,PTV Stop 258
-38.014038,145.189371,tram,PTV Stop 259
-38.096118,144.731476,bus,PTV Stop 260
-38.102097,145.359607,train,PTV Stop 261
-37.818831,145.423911,bus,PTV Stop 262
-37.887147,145.303906,train,PTV Stop 263
-38.002403,145.044562,bus,PTV Stop 264
-38.195707,144.765632,train,PTV Stop 265
-38.250013,144.665923,tram,PTV Stop 266
-37.883469,145.32424,tram,PTV Stop 267
-37.992593,144.968698,tram,PTV Stop 268
-37.810186,145.442676,bus,PTV Stop 269
-37.922013,144.937759,bus,PTV Stop 270
-38.272097,144.932029,tram,PTV Stop 271
-37.8774,144.525865,train,PTV Stop 272
-37.626662,145.335959,bus,PTV Stop 273
-37.889014,144.520745,bus,PTV Stop 274
-37.725005,145.076247,train,PTV Stop 275
-37.970649,145.151509,tram,PTV Stop 276
-38.172958,145.08533,bus,PTV Stop 277
-37.730029,145.469055,tram,PTV Stop 278
-38.056427,144.833308,bus,PTV Stop 279
-38.22678,144.660825,tram,PTV Stop 280
-37.814428,144.788218,tram,PTV Stop 281
-37.730504,145.050097,tram,PTV Stop 282
-38.238358,144.752399,train,PTV Stop 283
-37.620871,144.904175,bus,PTV Stop 284
-37.722551,144.501151,bus,PTV Stop 285
-37.976617,144.554204,bus,PTV Stop 286
-38.046754,145.256443,bus,PTV Stop 287
-37.990571,144.551612,tram,PTV Stop 288
-37.915546,145.427673,tram,PTV Stop 289
-37.683407,144.984712,train,PTV Stop 290
-37.618797,145.108872,train,PTV Stop 291
-37.803152,144.81075,train,PTV Stop 292
-37.913424,144.593209,train,PTV Stop 293
-37.976986,144.617466,train,PTV Stop 294
-37.951137,145.216603,bus,PTV Stop 295
-37.806212,144.91549,tram,PTV Stop 296
-37.613829,144.743731,bus,PTV Stop 297
-38.198751,144.69061,bus,PTV Stop 298
-37.944231,145.379326,train,PTV Stop 299
-38.106627,145.290006,tram,PTV Stop 300
-38.062087,145.287717,tram,PTV Stop 301
-37.725615,144.782839,tram,PTV Stop 302
-37.713767,145.079923,bus,PTV Stop 303
-37.957252,144.648595,bus,PTV Stop 304
-37.960961,144.83244,bus,PTV Stop 305
-38.035953,145.432852,train,PTV Stop 306
-37.613458,144.738806,tram,PTV Stop 307
-38.136506,145.275544,train,PTV Stop 308
-38.077277,144.972976,tram,PTV Stop 309
-38.029745,145.163689,bus,PTV Stop 310
-37.613427,144.995329,train,PTV Stop 311
-38.211628,145.465354,tram,PTV Stop 312
-37.69121,145.37419,tram,PTV Stop 313
-38.230202,145.410442,train,PTV Stop 314
-37.794289,144.909979,bus,PTV Stop 315
-37.62103,144.574828,tram,PTV Stop 316
-38.063007,145.192705,bus,PTV Stop 317
-38.243779,144.828566,bus,PTV Stop 318
-37.69846,144.880009,tram,PTV Stop 319
-37.861241,145.387439,tram,PTV Stop 320
-37.689332,144.535899,train,PTV Stop 321
-38.135661,145.1844,tram,PTV Stop 322
-37.601802,145.246766,tram,PTV Stop 323
-37.615164,145.26037,bus,PTV Stop 324
-37.689195,144.943679,bus,PTV Stop 325
-38.090374,144.528947,tram,PTV Stop 326
-37.7427,144.793368,tram,PTV Stop 327
-37.998519,144.744197,tram,PTV Stop 328
-37.90385,145.292519,train,PTV Stop 329
-38.177451,145.109492,tram,PTV Stop 330
-37.866203,144.74083,bus,PTV Stop 331
-38.199818,144.96115,tram,PTV Stop 332
-37.978301,145.166841,tram,PTV Stop 333
-37.669153,145.177611,train,PTV Stop 334
-38.248297,145.445236,bus,PTV Stop 335
-38.090592,145.462029,bus,PTV Stop 336
-38.124931,145.345304,train,PTV Stop 337
-37.600439,145.353335,train,PTV Stop 338
-38.133956,145.071923,bus,PTV Stop 339
-38.092889,145.199279,train,PTV Stop 340
-37.615439,145.15823,tram,PTV Stop 341
-38.294331,145.365067,bus,PTV Stop 342
-37.618478,145.410617,bus,PTV Stop 343
-37.952291,145.404155,tram,PTV Stop 344
-37.756981,144.730118,tram,PTV Stop 345
-38.146697,144.690132,tram,PTV Stop 346
-37.825565,145.220928,bus,PTV Stop 347
-37.823401,144.636779,train,PTV Stop 348
-37.667617,145.146341,tram,PTV Stop 349
-37.747973,144.533365,tram,PTV Stop 350
-37.787348,144.590133,tram,PTV Stop 351
-38.071297,144.915503,train,PTV Stop 352
-38.207488,145.039408,tram,PTV Stop 353
-37.928403,145.413487,train,PTV Stop 354
-38.120121,145.32469,tram,PTV Stop 355
-37.622831,144.795141,tram,PTV Stop 356
-37.737037,144.968331,train,PTV Stop 357
-38.20147,145.4665,bus,PTV Stop 358
-37.793048,145.479942,bus,PTV Stop 359
-38.043957,145.290682,train,PTV Stop 360
-38.114879,144.623589,tram,PTV Stop 361
-37.82902,145.172341,bus,PTV Stop 362
-38.033282,145.138549,tram,PTV Stop 363
-38.224158,144.733822,train,PTV Stop 364
-37.866317,145.443169,tram,PTV Stop 365
-37.659321,144.721367,train,PTV Stop 366
-37.855217,144.964268,bus,PTV Stop 367
-38.088467,144.908296,train,PTV Stop 368
-38.268257,144.537212,tram,PTV Stop 369
-38.218716,144.7348,bus,PTV Stop 370
-38.205035,144.953644,bus,PTV Stop 371
-37.635433,145.196484,bus,PTV Stop 372
-38.006611,145.242269,train,PTV Stop 373
-37.68021,145.154922,tram,PTV Stop 374
-37.869043,145.439053,tram,PTV Stop 375
-38.277099,144.87053,tram,PTV Stop 376
-37.988713,144.736113,tram,PTV Stop 377
-38.230452,145.18568,bus,PTV Stop 378
-37.668813,145.144827,train,PTV Stop 379
-38.021302,144.689809,train,PTV Stop 380
-37.635692,145.324191,train,PTV Stop 381
-37.836062,145.141704,bus,PTV Stop 382
-37.620235,144.550579,tram,PTV Stop 383
-38.129502,144.625924,bus,PTV Stop 384
-38.156356,145.329818,bus,PTV Stop 385
-38.15499,144.715951,train,PTV Stop 386
-38.070008,144.647554,bus,PTV Stop 387
-38.298015,145.358406,train,PTV Stop 388
-37.608731,145.040215,train,PTV Stop 389
-38.223052,145.366448,train,PTV Stop 390
-38.289598,145.289985,train,PTV Stop 391
-37.887803,144.515781,tram,PTV Stop 392
-38.263321,145.241718,bus,PTV Stop 393
-38.220445,144.563558,tram,PTV Stop 394
-37.755388,145.013238,train,PTV Stop 395
-37.983596,144.72155,bus,PTV Stop 396
-38.269644,145.283227,bus,PTV Stop 397
-37.934984,144.958043,train,PTV Stop 398
-38.257422,144.978982,tram,PTV Stop 399
-38.001608,144.607962,bus,PTV Stop 400
-37.663209,144.573491,train,PTV Stop 401
-38.074522,144.648334,train,PTV Stop 402
-38.107489,145.133077,bus,PTV Stop 403
-37.801493,144.880904,bus,PTV Stop 404
-37.92861,144.953715,bus,PTV Stop 405
-37.99886,145.293096,train,PTV Stop 406
-37.703045,145.150917,bus,PTV Stop 407
-37.795412,144.715023,tram,PTV Stop 408
-37.678336,144.913814,tram,PTV Stop 409
-38.020889,145.229613,tram,PTV Stop 410
-38.001265,145.165108,tram,PTV Stop 411
-37.632485,145.186821,tram,PTV Stop 412
-38.253007,145.331772,train,PTV Stop 413
-37.997686,145.244589,tram,PTV Stop 414
-37.731762,145.056371,bus,PTV Stop 415
-37.630363,145.061683,bus,PTV Stop 416
-38.214438,144.853598,bus,PTV Stop 417
-37.641209,144.922937,bus,PTV Stop 418
-38.263988,144.787629,tram,PTV Stop 419
-38.053848,145.077919,train,PTV Stop 420
-38.191689,144.982189,train,PTV Stop 421
-38.05492,145.056265,train,PTV Stop 422
-37.766176,145.0741,tram,PTV Stop 423
-37.708391,145.474547,bus,PTV Stop 424
-37.870499,145.142699,train,PTV Stop 425
-37.873704,145.157831,bus,PTV Stop 426
-38.112787,144.680416,bus,PTV Stop 427
-37.766313,145.421538,tram,PTV Stop 428
-38.295726,145.369863,bus,PTV Stop 429
-37.839859,144.569585,bus,PTV Stop 430
-37.85678,144.530657,bus,PTV Stop 431
-37.928662,144.876194,tram,PTV Stop 432
-38.061373,144.870053,bus,PTV Stop 433
-38.072932,145.441407,bus,PTV Stop 434
-38.24053,144.552609,train,PTV Stop 435
-37.771895,144.549762,train,PTV Stop 436
-38.109528,145.161939,tram,PTV Stop 437
-37.875047,144.914184,train,PTV Stop 438
-37.77154,144.613818,tram,PTV Stop 439
-38.222377,145.178218,bus,PTV Stop 440
-37.959357,145.167133,train,PTV Stop 441
-38.145637,145.484446,train,PTV Stop 442
-38.294619,144.801419,train,PTV Stop 443
-37.762855,145.264161,tram,PTV Stop 444
-38.070314,144.50773,bus,PTV Stop 445
-37.998541,144.629186,bus,PTV Stop 446
-37.80743,145.000262,bus,PTV Stop 447
-37.73566,144.572075,bus,PTV Stop 448
-38.270388,144.518742,train,PTV Stop 449
-37.696523,145.075759,bus,PTV Stop 450
-38.016904,145.140142,tram,PTV Stop 451
-38.219379,144.520857,tram,PTV Stop 452
-38.179689,145.447614,tram,PTV Stop 453
-37.717582,145.41977,train,PTV Stop 454
-37.994302,144.605863,tram,PTV Stop 455
-37.88779,145.023963,tram,PTV Stop 456
-37.690633,145.245805,train,PTV Stop 457
-38.066852,144.668133,bus,PTV Stop 458
-37.856743,145.030605,train,PTV Stop 459
-37.665854,144.849375,bus,PTV Stop 460
-37.629244,145.145443,train,PTV Stop 461
-38.134612,144.646444,train,PTV Stop 462
-38.178551,144.65287,bus,PTV Stop 463
-38.247253,145.451292,bus,PTV Stop 464
-37.954118,145.254446,bus,PTV Stop 465
-37.985766,145.424154,bus,PTV Stop 466
-37.849906,145.486532,tram,PTV Stop 467
-37.695027,145.127217,train,PTV Stop 468
-37.992166,144.968921,bus,PTV Stop 469
-38.088026,144.774674,train,PTV Stop 470
-38.05364,144.574191,tram,PTV Stop 471
-37.98366,144.55689,tram,PTV Stop 472
-38.246288,145.36425,train,PTV Stop 473
-37.869494,145.007068,tram,PTV Stop 474
-37.893769,145.454231,bus,PTV Stop 475
-37.672886,144.949734,bus,PTV Stop 476
-37.843714,144.821527,tram,PTV Stop 477
-37.949043,145.457722,tram,PTV Stop 478
-38.227549,145.399127,tram,PTV Stop 479
-37.61233,144.584329,bus,PTV Stop 480
-38.179209,144.747744,tram,PTV Stop 481
-37.60631,145.024069,bus,PTV Stop 482
-38.188878,144.872852,tram,PTV Stop 483
-38.028808,145.274465,bus,PTV Stop 484
-37.88148,145.289227,bus,PTV Stop 485
-38.065745,144.829691,bus,PTV Stop 486
-37.825134,144.784147,bus,PTV Stop 487
-37.703904,145.46441,bus,PTV Stop 488
-37.688704,144.833362,bus,PTV Stop 489
-37.835472,145.416746,tram,PTV Stop 490
-37.622612,145.19848,tram,PTV Stop 491
-38.209734,145.208834,train,PTV Stop 492
-38.083293,144.876679,tram,PTV Stop 493
-37.730771,145.170116,bus,PTV Stop 494
-37.601985,145.412448,train,PTV Stop 495
-37.847783,144.923406,tram,PTV Stop 496
-38.287239,144.808866,train,PTV Stop 497
-38.060787,145.266156,train,PTV Stop 498
-38.14142,144.637565,train,PTV Stop 499
-38.092946,145.28812,bus,PTV Stop 500
-37.760388,145.33512,bus,PTV Stop 501
-38.273577,144.836764,bus,PTV Stop 502
-38.208266,144.87672,train,PTV Stop 503
-38.173408,145.192846,bus,PTV Stop 504
-37.733669,144.665539,tram,PTV Stop 505
-38.269415,144.864299,bus,PTV Stop 506
-38.133729,144.944199,tram,PTV Stop 507
-37.773326,145.2838,train,PTV Stop 508
-37.926192,144.809468,tram,PTV Stop 509
-37.667218,144.694016,bus,PTV Stop 510
-37.637009,145.48444,tram,PTV Stop 511
-37.761393,145.278124,bus,PTV Stop 512
-37.930778,145.466268,train,PTV Stop 513
-37.739119,144.638399,tram,PTV Stop 514
-38.263474,144.980591,tram,PTV Stop 515
-37.911821,144.60259,bus,PTV Stop 516
-37.704184,144.785063,train,PTV Stop 517
-38.109046,145.405306,train,PTV Stop 518
-37.718267,144.591714,train,PTV Stop 519
-37.728308,145.38463,train,PTV Stop 520
-38.009572,144.896454,tram,PTV Stop 521
-38.134955,145.494525,tram,PTV Stop 522
-38.142823,144.818685,train,PTV Stop 523
-37.712577,145.149961,train,PTV Stop 524
-38.20368,144.786879,tram,PTV Stop 525
-37.81275,144.638793,bus,PTV Stop 526
-37.971623,145.115348,train,PTV Stop 527
-38.286697,144.715655,train,PTV Stop 528
-37.915837,145.227235,bus,PTV Stop 529
-38.003722,145.276173,train,PTV Stop 530
-38.089194,144.547749,tram,PTV Stop 531
-37.852734,145.122811,train,PTV Stop 532
-38.222399,145.405147,bus,PTV Stop 533
-37.924762,145.131955,bus,PTV Stop 534
-38.130643,144.643577,tram,PTV Stop 535
-38.298905,144.852816,bus,PTV Stop 536
-38.008403,145.164371,train,PTV Stop 537
-37.933561,144.860604,bus,PTV Stop 538
-37.919143,145.286412,bus,PTV Stop 539
-37.912094,144.890454,tram,PTV Stop 540
-38.269526,144.886881,tram,PTV Stop 541
-38.122445,144.516242,train,PTV Stop 542
-38.058638,145.232941,bus,PTV Stop 543
-38.227435,145.081903,tram,PTV Stop 544
-38.206613,144.852299,tram,PTV Stop 545
-37.730544,144.675089,bus,PTV Stop 546
-37.974764,145.195389,bus,PTV Stop 547
-38.172405,144.634853,bus,PTV Stop 548
-37.756667,144.95768,tram,PTV Stop 549
-38.158886,145.291109,train,PTV Stop 550
-38.079083,144.810076,tram,PTV Stop 551
-37.607614,145.043031,tram,PTV Stop 552
-38.274365,145.1469,tram,PTV Stop 553
-38.050118,145.280842,bus,PTV Stop 554
-38.067653,144.624475,tram,PTV Stop 555
-37.994134,144.900022,tram,PTV Stop 556
-37.673754,144.886645,train,PTV Stop 557
-37.952658,144.997523,bus,PTV Stop 558
-38.113296,144.582612,tram,PTV Stop 559
-38.244751,145.102453,train,PTV Stop 560
-37.918168,144.821211,train,PTV Stop 561
-38.070456,144.79564,tram,PTV Stop 562
-37.878165,144.926116,bus,PTV Stop 563
-37.989264,144.94713,bus,PTV Stop 564
-37.690974,144.852559,tram,PTV Stop 565
-38.107811,145.480027,train,PTV Stop 566
-38.247471,145.137513,tram,PTV Stop 567
-37.94084,145.249898,train,PTV Stop 568
-37.633047,144.642779,bus,PTV Stop 569
-37.825338,144.938173,train,PTV Stop 570
-38.252937,145.278515,tram,PTV Stop 571
-38.046495,145.449467,train,PTV Stop 572
-37.876434,145.179062,tram,PTV Stop 573
-38.039591,145.263084,bus,PTV Stop 574
-38.203613,144.86695,tram,PTV Stop 575
-37.845307,144.749612,train,PTV Stop 576
-38.281861,144.686048,bus,PTV Stop 577
-38.029109,145.061673,tram,PTV Stop 578
-37.757525,145.204038,train,PTV Stop 579
-37.602544,144.785577,tram,PTV Stop 580
-38.159875,144.635728,train,PTV Stop 581
-37.98357,145.398679,tram,PTV Stop 582
-37.601916,145.310513,tram,PTV Stop 583
-37.832512,145.20954,bus,PTV Stop 584
-37.92048,145.391332,train,PTV Stop 585
-37.801734,145.427324,bus,PTV Stop 586
-38.178136,144.861492,train,PTV Stop 587
-38.215046,144.70098,train,PTV Stop 588
-38.134285,144.994022,tram,PTV Stop 589
-37.912185,144.868911,bus,PTV Stop 590
-38.20916,145.384246,train,PTV Stop 591
-38.083496,145.499595,bus,PTV Stop 592
-37.964934,144.910795,tram,PTV Stop 593
-37.723662,144.573751,tram,PTV Stop 594
-37.850363,144.949974,bus,PTV Stop 595
-37.937848,144.628335,bus,PTV Stop 596
-37.852144,144.681963,train,PTV Stop 597
-37.997167,145.410712,train,PTV Stop 598
-37.718026,145.018102,tram,PTV Stop 599
-38.18474,144.822661,bus,PTV Stop 600
-38.142171,145.447483,bus,PTV Stop 601
-37.673552,145.345934,tram,PTV Stop 602
-38.162589,145.456352,tram,PTV Stop 603
-38.212381,144.802825,bus,PTV Stop 604
-38.2346,145.140987,bus,PTV Stop 605
-37.640875,144.654194,bus,PTV Stop 606
-37.862865,145.402001,tram,PTV Stop 607
-37.710229,145.063618,train,PTV Stop 608
-38.243144,145.448547,bus,PTV Stop 609
-38.114741,144.710808,bus,PTV Stop 610
-38.008389,145.138991,tram,PTV Stop 611
-37.677702,145.045577,bus,PTV Stop 612
-37.630345,144.982945,bus,PTV Stop 613
-38.015735,144.953544,bus,PTV Stop 614
-38.258061,144.939605,tram,PTV Stop 615
-37.97489,144.840193,train,PTV Stop 616
-38.081192,145.218363,bus,PTV Stop 617
-37.608384,144.845371,tram,PTV Stop 618
-38.208464,144.87054,bus,PTV Stop 619
-38.225671,144.741738,train,PTV Stop 620
-38.11277,144.747919,train,PTV Stop 621
-38.264576,145.445385,bus,PTV Stop 622
-38.007306,145.462686,train,PTV Stop 623
-37.730566,145.433752,bus,PTV Stop 624
-38.0811,145.263121,tram,PTV Stop 625
-37.602821,144.966815,tram,PTV Stop 626
-37.951841,144.590049,tram,PTV Stop 627
-37.946189,145.466687,train,PTV Stop 628
-37.891659,144.548658,tram,PTV Stop 629
-37.953574,145.382339,bus,PTV Stop 630
-37.829236,144.785748,train,PTV Stop 631
-37.706979,144.930928,tram,PTV Stop 632
-37.790744,145.263857,tram,PTV Stop 633
-38.26833,144.551158,bus,PTV Stop 634
-38.163741,145.053223,train,PTV Stop 635
-38.029556,144.950354,bus,PTV Stop 636
-38.104196,145.489091,bus,PTV Stop 637
-37.87227,144.628663,train,PTV Stop 638
-38.024267,145.294897,tram,PTV Stop 639
-37.909518,144.865606,train,PTV Stop 640
-38.160659,145.009123,bus,PTV Stop 641
-38.271822,144.538914,bus,PTV Stop 642
-38.066872,144.973744,tram,PTV Stop 643
-38.195742,145.393132,train,PTV Stop 644
-38.070424,145.113068,train,PTV Stop 645
-38.024932,145.1165,tram,PTV Stop 646
-37.884393,145.007315,bus,PTV Stop 647
-37.927362,145.20874,tram,PTV Stop 648
-37.967575,144.516637,tram,PTV Stop 649
-37.828336,145.479898,bus,PTV Stop 650
-38.084626,145.398767,bus,PTV Stop 651
-37.859518,145.09691,tram,PTV Stop 652
-37.623051,145.282904,bus,PTV Stop 653
-37.895656,145.2214,bus,PTV Stop 654
-37.963686,145.024232,bus,PTV Stop 655
-37.866185,145.341167,train,PTV Stop 656
-37.724837,144.742197,bus,PTV Stop 657
-37.636256,144.609896,train,PTV Stop 658
-37.991273,144.91878,tram,PTV Stop 659
-37.81665,144.910377,bus,PTV Stop 660
-37.655635,145.372818,bus,PTV Stop 661
-37.790819,145.205775,bus,PTV Stop 662
-38.154861,144.82505,bus,PTV Stop 663
-37.96514,144.876825,train,PTV Stop 664
-37.978236,145.033127,bus,PTV Stop 665
-38.051999,145.27199,bus,PTV Stop 666
-37.823478,145.303653,tram,PTV Stop 667
-37.872946,144.692264,train,PTV Stop 668
-38.104696,144.798499,tram,PTV Stop 669
-37.760178,145.204901,bus,PTV Stop 670
-37.806508,144.817041,tram,PTV Stop 671
-37.907659,145.434485,bus,PTV Stop 672
-38.10858,144.621874,bus,PTV Stop 673
-37.919766,145.39576,tram,PTV Stop 674
-37.727136,145.454609,train,PTV Stop 675
-38.096683,144.78763,bus,PTV Stop 676
-38.244679,145.42401,bus,PTV Stop 677
-38.120489,144.979079,train,PTV Stop 678
-37.720434,144.771133,bus,PTV Stop 679
-37.81268,144.637273,bus,PTV Stop 680
-37.781376,144.739282,train,PTV Stop 681
-37.831116,145.031041,bus,PTV Stop 682
-38.137014,144.600198,tram,PTV Stop 683
-37.797849,144.600545,train,PTV Stop 684
-38.296373,145.050353,train,PTV Stop 685
-38.015165,145.435032,tram,PTV Stop 686
-37.965786,144.699456,tram,PTV Stop 687
-38.075183,145.145898,train,PTV Stop 688
-37.843391,144.73222,bus,PTV Stop 689
-37.793818,145.436669,train,PTV Stop 690
-38.007481,145.337605,train,PTV Stop 691
-37.60198,144.896995,tram,PTV Stop 692
-38.169582,145.249003,tram,PTV Stop 693
-37.68628,144.509267,bus,PTV Stop 694
-37.878052,145.428455,tram,PTV Stop 695
-38.100807,145.489099,bus,PTV Stop 696
-37.932977,145.38926,train,PTV Stop 697
-37.704258,144.968021,train,PTV Stop 698
-37.73383,144.830684,bus,PTV Stop 699
-37.97876,144.757265,train,PTV Stop 700
-38.290141,144.837112,tram,PTV Stop 701
-37.902553,145.257283,train,PTV Stop 702
-37.872332,145.138726,tram,PTV Stop 703
-37.721107,145.015281,train,PTV Stop 704
-38.019417,144.595385,train,PTV Stop 705
-37.965782,145.435825,train,PTV Stop 706
-38.11745,144.735521,tram,PTV Stop 707
-37.632176,144.801946,bus,PTV Stop 708
-37.898986,144.761553,tram,PTV Stop 709
-37.815062,144.562124,train,PTV Stop 710
-37.974224,144.659717,bus,PTV Stop 711
-37.948236,145.395118,bus,PTV Stop 712
-37.761111,145.19029,bus,PTV Stop 713
-37.658709,144.795038,bus,PTV Stop 714
-38.145406,145.457361,tram,PTV Stop 715
-38.19277,145.247735,bus,PTV Stop 716
-38.038463,145.201941,tram,PTV Stop 717
-37.769855,145.301995,train,PTV Stop 718
-37.766698,145.180342,bus,PTV Stop 719
-37.688805,144.58187,tram,PTV Stop 720
-37.930279,144.861785,bus,PTV Stop 721
-38.221454,145.328774,bus,PTV Stop 722
-38.15849,145.03666,train,PTV Stop 723
-38.070318,145.020342,train,PTV Stop 724
-37.823793,145.216918,tram,PTV Stop 725
-38.236341,145.010375,train,PTV Stop 726
-37.982597,145.013248,tram,PTV Stop 727
-37.905262,145.058797,bus,PTV Stop 728
-37.735159,145.22328,tram,PTV Stop 729
-38.12188,144.503015,train,PTV Stop 730
-37.895182,144.54529,tram,PTV Stop 731
-37.809731,145.041164,train,PTV Stop 732
-37.645792,144.569019,tram,PTV Stop 733
-38.277786,144.908867,train,PTV Stop 734
-37.763921,145.478333,bus,PTV Stop 735
-37.625352,144.874461,tram,PTV Stop 736
-37.986024,145.417115,tram,PTV Stop 737
-38.037048,145.18273,bus,PTV Stop 738
-37.687812,144.63299,tram,PTV Stop 739
-38.216957,145.492847,tram,PTV Stop 740
-37.92981,145.227858,train,PTV Stop 741
-37.715625,145.256179,tram,PTV Stop 742
-37.975897,145.219094,tram,PTV Stop 743
-37.927646,145.32336,train,PTV Stop 744
-37.977562,144.655121,train,PTV Stop 745
-37.643813,145.225024,train,PTV Stop 746
-38.277448,145.160198,bus,PTV Stop 747
-37.763763,145.383757,train,PTV Stop 748
-38.131534,144.567291,bus,PTV Stop 749
-38.276497,145.097785,bus,PTV Stop 750
-37.689451,144.744734,train,PTV Stop 751
-38.018414,144.734339,train,PTV Stop 752
-37.77193,145.276064,train,PTV Stop 753
-37.947273,144.789263,bus,PTV Stop 754
-37.896723,145.077475,bus,PTV Stop 755
-37.727132,144.736904,train,PTV Stop 756
-37.610013,145.021251,tram,PTV Stop 757
-38.089649,144.560958,bus,PTV Stop 758
-37.6842,145.411578,bus,PTV Stop 759
-37.824875,145.055851,train,PTV Stop 760
-37.619397,145.441586,bus,PTV Stop 761
-38.033192,145.024463,bus,PTV Stop 762
-38.008573,144.649218,tram,PTV Stop 763
-38.171285,145.037928,train,PTV Stop 764
-37.705461,144.800736,bus,PTV Stop 765
-38.198954,144.963025,train,PTV Stop 766
-37.90633,145.467786,bus,PTV Stop 767
-37.929006,144.888419,tram,PTV Stop 768
-38.157664,145.146706,tram,PTV Stop 769
-37.707007,144.592464,bus,PTV Stop 770
-37.719416,144.551537,tram,PTV Stop 771
-37.82843,145.102922,train,PTV Stop 772
-38.168286,145.261696,bus,PTV Stop 773
-37.829985,144.717017,train,PTV Stop 774
-37.691368,144.832964,train,PTV Stop 775
-38.151735,144.690024,bus,PTV Stop 776
-38.217879,145.499572,tram,PTV Stop 777
-37.659891,145.195626,bus,PTV Stop 778
-38.156841,145.415126,bus,PTV Stop 779
-38.074869,144.783059,tram,PTV Stop 780
-37.926445,144.85926,tram,PTV Stop 781
-38.048249,145.382812,tram,PTV Stop 782
-38.230974,145.481318,tram,PTV Stop 783
-37.76686,144.820233,train,PTV Stop 784
-38.040507,144.91393,bus,PTV Stop 785
-37.695141,145.241252,train,PTV Stop 786
-38.117458,145.434758,bus,PTV Stop 787
-37.795992,144.795192,train,PTV Stop 788
-38.069094,144.87984,train,PTV Stop 789
-37.950489,145.154608,bus,PTV Stop 790
-38.063705,145.263361,tram,PTV Stop 791
-37.623444,145.141694,tram,PTV Stop 792
-37.97742,145.232772,tram,PTV Stop 793
-38.181514,145.220314,tram,PTV Stop 794
-38.171167,145.389365,bus,PTV Stop 795
-37.629934,145.023944,train,PTV Stop 796
-37.638368,145.168216,train,PTV Stop 797
-38.011325,145.342545,train,PTV Stop 798
-38.252422,144.65103,train,PTV Stop 799
-37.945987,144.873201,bus,PTV Stop 800
-37.85359,145.433904,tram,PTV Stop 801
-37.838501,144.515732,bus,PTV Stop 802
-37.91385,144.511851,bus,PTV Stop 803
-37.794465,145.035738,tram,PTV Stop 804
-38.288,145.313157,bus,PTV Stop 805
-37.998599,145.439712,train,PTV Stop 806
-38.225088,144.596314,train,PTV Stop 807
-38.131322,145.119781,tram,PTV Stop 808
-37.72935,144.767325,tram,PTV Stop 809
-38.244687,145.459298,tram,PTV Stop 810
-37.904498,145.490233,train,PTV Stop 811
-38.090018,145.328062,train,PTV Stop 812
-37.842385,145.358219,train,PTV Stop 813
-38.23455,144.879264,bus,PTV Stop 814
-37.966796,145.136748,bus,PTV Stop 815
-38.180031,144.999858,tram,PTV Stop 816
-37.848565,144.831271,train,PTV Stop 817
-37.673646,145.419152,train,PTV Stop 818
-38.152008,145.368117,bus,PTV Stop 819
-37.96715,144.546562,train,PTV Stop 820
-37.8209,144.780373,bus,PTV Stop 821
-37.905543,144.532902,tram,PTV Stop 822
-38.289039,144.707158,train,PTV Stop 823
-37.773422,145.212711,tram,PTV Stop 824
-37.649788,144.799277,bus,PTV Stop 825
-38.131669,145.334651,tram,PTV Stop 826
-37.826076,145.040562,tram,PTV Stop 827
-37.771074,144.639951,bus,PTV Stop 828
-37.793086,145.000793,tram,PTV Stop 829
-38.262412,144.937088,train,PTV Stop 830
-38.061585,145.269006,bus,PTV Stop 831
-38.022308,145.273555,train,PTV Stop 832
-37.856114,145.283548,tram,PTV Stop 833
-37.956578,144.855811,tram,PTV Stop 834
-37.997706,145.179695,bus,PTV Stop 835
-38.033949,145.272167,tram,PTV Stop 836
-37.741361,145.213109,train,PTV Stop 837
-38.11242,144.88,bus,PTV Stop 838
-38.192006,144.889622,tram,PTV Stop 839
-38.225414,144.505195,tram,PTV Stop 840
-37.988685,145.261346,train,PTV Stop 841
-38.207245,144.687392,tram,PTV Stop 842
-37.91011,145.012441,train,PTV Stop 843
-38.281617,144.853914,train,PTV Stop 844
-37.882153,145.284439,tram,PTV Stop 845
-38.291362,144.91381,train,PTV Stop 846
-37.792609,145.059537,train,PTV Stop 847
-37.899628,144.669583,tram,PTV Stop 848
-38.181349,144.768919,tram,PTV Stop 849
-37.954813,144.563267,tram,PTV Stop 850
-38.106827,144.799752,train,PTV Stop 851
-38.047213,145.444222,bus,PTV Stop 852
-37.862476,145.093806,train,PTV Stop 853
-37.979497,144.63549,train,PTV Stop 854
-37.635824,144.832217,bus,PTV Stop 855
-38.034077,145.362198,tram,PTV Stop 856
-38.065685,145.315475,bus,PTV Stop 857
-37.618042,144.636124,tram,PTV Stop 858
-37.877752,145.195292,tram,PTV Stop 859
-38.080072,145.464575,tram,PTV Stop 860
-38.095986,145.194958,tram,PTV Stop 861
-37.622566,145.281974,tram,PTV Stop 862
-38.036761,145.316495,tram,PTV Stop 863
-38.044489,145.432067,train,PTV Stop 864
-37.885441,145.045629,bus,PTV Stop 865
-37.762667,144.526916,bus,PTV Stop 866
-37.976864,145.208367,tram,PTV Stop 867
-37.74162,145.331282,train,PTV Stop 868
-37.726724,145.295657,tram,PTV Stop 869
-37.828916,144.639179,tram,PTV Stop 870
-38.130585,145.158663,bus,PTV Stop 871
-38.00381,144.876991,tram,PTV Stop 872
-37.60651,144.979235,tram,PTV Stop 873
-37.925943,145.423496,bus,PTV Stop 874
-38.00719,144.536765,tram,PTV Stop 875
-37.808856,145.312297,bus,PTV Stop 876
-37.853274,144.584982,train,PTV Stop 877
-37.839679,144.855009,bus,PTV Stop 878
-37.871125,145.06322,bus,PTV Stop 879
-37.82577,144.899618,tram,PTV Stop 880
-37.623998,144.930456,train,PTV Stop 881
-38.230975,144.722001,bus,PTV Stop 882
-37.936842,145.080518,bus,PTV Stop 883
-38.145278,144.87412,tram,PTV Stop 884
-37.75936,145.08859,bus,PTV Stop 885
-38.194479,145.497703,tram,PTV Stop 886
-38.226815,144.915975,train,PTV Stop 887
-38.218751,145.440676,train,PTV Stop 888
-38.05617,144.843067,train,PTV Stop 889
-37.93522,144.8483,train,PTV Stop 890
-37.993284,145.196763,tram,PTV Stop 891
-38.252978,144.544683,bus,PTV Stop 892
-38.21944,145.34918,bus,PTV Stop 893
-38.223446,145.30005,bus,PTV Stop 894
-38.129261,144.674453,train,PTV Stop 895
-38.068307,144.926369,tram,PTV Stop 896
-38.137701,144.905047,train,PTV Stop 897
-38.169529,145.157308,tram,PTV Stop 898
-38.279565,145.114107,train,PTV Stop 899
-37.985297,144.929553,train,PTV Stop 900
-37.806685,144.705784,bus,PTV Stop 901
-37.733889,144.562564,train,PTV Stop 902
-37.740348,145.036889,tram,PTV Stop 903
-38.071811,144.95755,tram,PTV Stop 904
-37.830509,144.989484,bus,PTV Stop 905
-38.080617,144.888639,tram,PTV Stop 906
-37.889097,144.847925,tram,PTV Stop 907
-37.867846,145.313738,bus,PTV Stop 908
-37.739571,145.418683,bus,PTV Stop 909
-38.240674,144.633948,train,PTV Stop 910
-38.132999,144.616949,tram,PTV Stop 911
-37.814594,145.010825,tram,PTV Stop 912
-37.882502,145.074806,tram,PTV Stop 913
-38.169972,145.135502,bus,PTV Stop 914
-37.656587,145.430695,train,PTV Stop 915
-37.911561,144.989642,train,PTV Stop 916
-38.169031,145.341985,bus,PTV Stop 917
-38.262472,144.859039,train,PTV Stop 918
-37.960774,144.695128,tram,PTV Stop 919
-37.62532,145.005438,tram,PTV Stop 920
-38.013606,144.991726,bus,PTV Stop 921
-37.712076,144.9887,train,PTV Stop 922
-37.904222,145.295881,train,PTV Stop 923
-38.095537,144.774853,bus,PTV Stop 924
-38.097931,145.28074,bus,PTV Stop 925
-37.780237,145.26592,bus,PTV Stop 926
-37.942436,145.072714,tram,PTV Stop 927
-37.757421,145.323283,tram,PTV Stop 928
-37.92057,145.256786,bus,PTV Stop 929
-37.991043,144.718542,tram,PTV Stop 930
-38.228308,145.330071,train,PTV Stop 931
-38.091604,145.499313,tram,PTV Stop 932
-38.116029,145.3622,train,PTV Stop 933
-37.992651,145.493958,train,PTV Stop 934
-38.153085,145.237613,bus,PTV Stop 935
-38.054558,145.210754,bus,PTV Stop 936
-38.000283,145.116151,train,PTV Stop 937
-37.730529,145.30544,bus,PTV Stop 938
-38.054429,144.781085,bus,PTV Stop 939
-38.182136,145.479,tram,PTV Stop 940
-38.097467,144.767343,bus,PTV Stop 941
-37.610158,145.179299,train,PTV Stop 942
-38.205088,145.250094,tram,PTV Stop 943
-37.656862,145.492486,bus,PTV Stop 944
-38.211178,145.366079,train,PTV Stop 945
-38.19763,144.822097,train,PTV Stop 946
-37.766968,145.176235,tram,PTV Stop 947
-38.20048,145.132402,bus,PTV Stop 948
-38.010042,144.951992,bus,PTV Stop 949
-37.743781,145.268884,tram,PTV Stop 950
-37.939071,144.778226,tram,PTV Stop 951
-37.981713,144.988044,bus,PTV Stop 952
-38.298269,145.274135,bus,PTV Stop 953
-38.234801,145.47215,bus,PTV Stop 954
-37.835099,144.858223,train,PTV Stop 955
-37.743025,144.897716,tram,PTV Stop 956
-37.722607,144.994715,tram,PTV Stop 957
-37.720159,144.837755,bus,PTV Stop 958
-38.208584,145.352423,tram,PTV Stop 959
-37.674092,145.262254,train,PTV Stop 960
-38.230298,145.28389,tram,PTV Stop 961
-38.288603,145.429433,train,PTV Stop 962
-37.9911,144.500676,tram,PTV Stop 963
-38.158377,145.188592,train,PTV Stop 964
-37.682497,144.801866,tram,PTV Stop 965
-38.234662,144.860435,train,PTV Stop 966
-38.039709,145.4038,train,PTV Stop 967
-38.263749,145.125604,bus,PTV Stop 968
-37.810391,144.734144,bus,PTV Stop 969
-38.236161,144.595184,train,PTV Stop 970
-37.966235,144.6327,train,PTV Stop 971
-37.936389,144.945067,train,PTV Stop 972
-37.813082,145.317109,tram,PTV Stop 973
-37.814178,144.9777,train,PTV Stop 974
-38.031851,145.230763,train,PTV Stop 975
-38.227759,144.867562,tram,PTV Stop 976
-38.204009,145.27346,train,PTV Stop 977
-37.850897,145.177137,train,PTV Stop 978
-37.928644,144.508475,bus,PTV Stop 979
-38.185118,144.851188,train,PTV Stop 980
-37.860344,144.651374,tram,PTV Stop 981
-37.868747,144.942384,train,PTV Stop 982
-38.239318,144.600465,train,PTV Stop 983
-37.887298,144.884032,tram,PTV Stop 984
-38.079847,144.63983,tram,PTV Stop 985
-37.848766,144.748167,bus,PTV Stop 986
-37.879994,145.107593,bus,PTV Stop 987
-38.281223,145.34707,tram,PTV Stop 988
-38.156188,145.106927,train,PTV Stop 989
-37.776509,144.795542,train,PTV Stop 990
-37.751339,145.293778,train,PTV Stop 991
-37.953579,144.612744,tram,PTV Stop 992
-37.853342,144.571012,train,PTV Stop 993
-37.609182,145.433924,train,PTV Stop 994
-38.029213,145.338973,tram,PTV Stop 995
-38.044211,145.182942,tram,PTV Stop 996
-37.631883,145.270367,train,PTV Stop 997
-37.888846,144.513793,train,PTV Stop 998
-38.272121,144.560469,tram,PTV Stop 999
-37.945373,145.128571,bus,PTV Stop 1000
-37.763023,144.923575,tram,PTV Stop 1001
-38.242301,145.036565,bus,PTV Stop 1002
-38.193124,144.583597,train,PTV Stop 1003
-37.942087,144.703197,train,PTV Stop 1004
-37.924527,144.890732,bus,PTV Stop 1005
-37.765743,145.14984,bus,PTV Stop 1006
-38.253719,145.198676,bus,PTV Stop 1007
-37.6326,144.738637,train,PTV Stop 1008
-38.239651,144.934484,tram,PTV Stop 1009
-37.871392,144.555029,bus,PTV Stop 1010
-37.780815,145.240658,train,PTV Stop 1011
-38.291135,144.637212,train,PTV Stop 1012
-38.185317,145.453016,bus,PTV Stop 1013
-37.937944,145.322507,tram,PTV Stop 1014
-38.183126,144.626931,tram,PTV Stop 1015
-37.786945,144.618057,train,PTV Stop 1016
-38.065492,144.929325,bus,PTV Stop 1017
-38.25529,145.212323,bus,PTV Stop 1018
-37.860727,144.996148,bus,PTV Stop 1019
-38.047913,144.99961,bus,PTV Stop 1020
-38.183183,144.65731,train,PTV Stop 1021
-37.674012,145.17412,train,PTV Stop 1022
-38.140117,145.008825,train,PTV Stop 1023
-37.698918,144.512288,train,PTV Stop 1024
-37.969765,144.882979,train,PTV Stop 1025
-38.174727,145.460342,train,PTV Stop 1026
-37.912995,145.413948,bus,PTV Stop 1027
-37.841008,144.724515,train,PTV Stop 1028
-38.00862,145.220288,tram,PTV Stop 1029
-37.721802,145.071536,train,PTV Stop 1030
-37.948571,145.401941,train,PTV Stop 1031
-38.14377,145.015774,train,PTV Stop 1032
-37.632144,144.568926,tram,PTV Stop 1033
-37.693777,145.273527,tram,PTV Stop 1034
-38.070889,145.053091,train,PTV Stop 1035
-38.041756,144.791595,tram,PTV Stop 1036
-37.782297,144.742584,tram,PTV Stop 1037
-37.885816,144.993361,train,PTV Stop 1038
-37.787276,145.046559,train,PTV Stop 1039
-38.194604,145.432398,train,PTV Stop 1040
-38.136902,144.846424,bus,PTV Stop 1041
-37.685961,145.45099,train,PTV Stop 1042
-37.76875,144.876275,bus,PTV Stop 1043
-37.790949,144.603949,bus,PTV Stop 1044
-37.611819,144.919816,train,PTV Stop 1045
-37.619209,144.642373,tram,PTV Stop 1046
-38.234881,145.421274,bus,PTV Stop 1047
-38.01086,145.395578,tram,PTV Stop 1048
-37.617812,144.584902,train,PTV Stop 1049
-37.946201,145.137216,tram,PTV Stop 1050
-38.247619,145.067821,tram,PTV Stop 1051
-37.836289,144.630708,tram,PTV Stop 1052
-38.117306,144.815009,tram,PTV Stop 1053
-37.809492,145.235353,tram,PTV Stop 1054
-37.98307,144.733611,train,PTV Stop 1055
-38.204722,145.270147,train,PTV Stop 1056
-38.191213,144.664375,tram,PTV Stop 1057
-38.080177,144.620737,tram,PTV Stop 1058
-37.624756,144.707636,tram,PTV Stop 1059
-37.975657,145.352482,train,PTV Stop 1060
-38.189669,145.186055,bus,PTV Stop 1061
-37.812185,144.54033,tram,PTV Stop 1062
-38.196173,145.211157,tram,PTV Stop 1063
-38.022629,144.548951,tram,PTV Stop 1064
-38.117883,145.490677,train,PTV Stop 1065
-37.633532,145.354601,bus,PTV Stop 1066
-37.776345,144.749853,tram,PTV Stop 1067
-38.228665,145.29381,train,PTV Stop 1068
-38.29163,145.330372,train,PTV Stop 1069
-38.208499,145.323673,tram,PTV Stop 1070
-37.8196,145.437575,train,PTV Stop 1071
-37.892373,144.758821,train,PTV Stop 1072
-38.28474,144.564472,bus,PTV Stop 1073
-37.989598,144.628792,tram,PTV Stop 1074
-38.214231,145.442281,train,PTV Stop 1075
-38.182408,145.073884,bus,PTV Stop 1076
-38.023501,144.529482,bus,PTV Stop 1077
-38.001335,144.853943,train,PTV Stop 1078
-38.107513,144.946011,train,PTV Stop 1079
-38.275745,145.119177,train,PTV Stop 1080
-37.846905,144.998892,bus,PTV Stop 1081
-37.964678,144.587722,tram,PTV Stop 1082
-38.203935,144.699458,bus,PTV Stop 1083
-38.125597,145.494087,bus,PTV Stop 1084
-37.743608,145.489404,bus,PTV Stop 1085
-38.048622,145.044518,tram,PTV Stop 1086
-38.059176,145.065651,tram,PTV Stop 1087
-38.028133,144.679816,tram,PTV Stop 1088
-37.882019,144.529303,tram,PTV Stop 1089
-38.258986,145.491531,bus,PTV Stop 1090
-38.049797,145.083989,train,PTV Stop 1091
-37.618214,144.600134,bus,PTV Stop 1092
-38.131193,145.03369,bus,PTV Stop 1093
-38.260864,145.496392,train,PTV Stop 1094
-37.897016,145.482665,tram,PTV Stop 1095
-38.051637,145.339222,train,PTV Stop 1096
-38.17673,145.09252,bus,PTV Stop 1097
-37.811661,145.41398,train,PTV Stop 1098
-37.807583,144.851682,bus,PTV Stop 1099
-37.905475,145.063109,train,PTV Stop 1100
-37.714312,145.310401,tram,PTV Stop 1101
-37.920513,144.675557,train,PTV Stop 1102
-38.23682,144.732623,train,PTV Stop 1103
-38.28605,144.977989,tram,PTV Stop 1104
-37.657473,144.701464,train,PTV Stop 1105
-38.061469,144.67746,tram,PTV Stop 1106
-38.258311,144.647712,bus,PTV Stop 1107
-37.657943,145.274366,bus,PTV Stop 1108
-37.697531,145.460559,tram,PTV Stop 1109
-37.806823,145.16214,bus,PTV Stop 1110
-38.229277,144.801765,train,PTV Stop 1111
-37.616898,145.232352,tram,PTV Stop 1112
-37.74571,145.460662,bus,PTV Stop 1113
-38.077902,145.207183,bus,PTV Stop 1114
-37.814508,145.428845,tram,PTV Stop 1115
-38.143734,145.08895,train,PTV Stop 1116
-38.035131,145.233995,tram,PTV Stop 1117
-38.210856,145.228831,bus,PTV Stop 1118
-37.635911,144.891601,bus,PTV Stop 1119
-38.277332,145.102389,bus,PTV Stop 1120
-38.145373,145.06555,tram,PTV Stop 1121
-38.20155,145.245343,train,PTV Stop 1122
-38.057233,144.819519,bus,PTV Stop 1123
-37.680276,144.588726,bus,PTV Stop 1124
-37.830983,145.229286,tram,PTV Stop 1125
-37.987359,144.765212,train,PTV Stop 1126
-37.814777,144.850481,train,PTV Stop 1127
-37.79571,144.548147,tram,PTV Stop 1128
-37.787191,145.469102,tram,PTV Stop 1129
-37.954843,144.878713,bus,PTV Stop 1130
-38.037257,145.328807,bus,PTV Stop 1131
-37.844321,145.18716,train,PTV Stop 1132
-37.984099,145.299195,train,PTV Stop 1133
-38.093564,144.818717,train,PTV Stop 1134
-38.24806,144.670105,tram,PTV Stop 1135
-38.187367,144.575002,train,PTV Stop 1136
-38.063435,145.485276,tram,PTV Stop 1137
-37.806847,144.931323,bus,PTV Stop 1138
-38.184502,145.389753,train,PTV Stop 1139
-38.262511,144.831095,train,PTV Stop 1140
-38.013504,145.054112,bus,PTV Stop 1141
-37.921912,145.160598,tram,PTV Stop 1142
-38.133716,144.549635,bus,PTV Stop 1143
-37.915236,144.990948,train,PTV Stop 1144
-38.04742,144.927606,tram,PTV Stop 1145
-37.723272,145.125091,tram,PTV Stop 1146
-38.160228,144.525736,train,PTV Stop 1147
-37.853267,145.477058,tram,PTV Stop 1148
-37.709362,144.808353,tram,PTV Stop 1149
-37.970339,145.394877,tram,PTV Stop 1150
-38.236204,145.044126,train,PTV Stop 1151
-38.040286,144.881445,train,PTV Stop 1152
-37.987957,144.763296,tram,PTV Stop 1153
-38.115619,145.337079,bus,PTV Stop 1154
-38.256852,145.252235,bus,PTV Stop 1155
-38.232308,145.168141,bus,PTV Stop 1156
-38.010209,145.256457,train,PTV Stop 1157
-37.912479,145.340797,bus,PTV Stop 1158
-38.006958,145.035514,tram,PTV Stop 1159
-37.8991,144.735642,tram,PTV Stop 1160
-38.244731,145.402777,bus,PTV Stop 1161
-38.27569,145.07122,bus,PTV Stop 1162
-37.739685,145.177535,bus,PTV Stop 1163
-38.196787,145.449255,tram,PTV Stop 1164
-38.178985,145.484368,train,PTV Stop 1165
-37.734077,144.626186,tram,PTV Stop 1166
-38.245142,145.183125,train,PTV Stop 1167
-37.601912,145.127226,bus,PTV Stop 1168
-38.11948,145.410804,train,PTV Stop 1169
-38.239081,145.056364,bus,PTV Stop 1170
-38.071711,144.776201,tram,PTV Stop 1171
-37.657987,144.512364,bus,PTV Stop 1172
-37.863859,145.022562,tram,PTV Stop 1173
-38.221237,144.649642,bus,PTV Stop 1174
-37.888446,145.258377,train,PTV Stop 1175
-37.65255,145.062684,train,PTV Stop 1176
-37.749978,145.367475,tram,PTV Stop 1177
-37.685475,144.764137,bus,PTV Stop 1178
-37.960091,145.108962,train,PTV Stop 1179
-38.17946,144.902974,bus,PTV Stop 1180
-37.873941,145.193661,train,PTV Stop 1181
-38.022945,145.378958,bus,PTV Stop 1182
-38.133694,145.24575,tram,PTV Stop 1183
-37.672078,144.520233,tram,PTV Stop 1184
-38.082335,145.342847,bus,PTV Stop 1185
-37.820604,145.472497,train,PTV Stop 1186
-38.20593,145.474219,tram,PTV Stop 1187
-37.758178,144.820868,bus,PTV Stop 1188
-38.008259,145.145555,train,PTV Stop 1189
-37.990798,145.413433,tram,PTV Stop 1190
-37.781339,145.259493,tram,PTV Stop 1191
-37.725288,145.01527,train,PTV Stop 1192
-38.254068,145.209569,tram,PTV Stop 1193
-38.205045,145.351295,bus,PTV Stop 1194
-38.279736,144.692763,train,PTV Stop 1195
-37.714116,144.74949,tram,PTV Stop 1196
-38.264609,144.860375,train,PTV Stop 1197
-38.108216,145.323506,bus,PTV Stop 1198
-38.02214,145.423074,bus,PTV Stop 1199
-38.278606,144.872467,bus,PTV Stop 1200
-37.987728,145.46052,tram,PTV Stop 1201
-37.889184,144.84976,train,PTV Stop 1202
-37.713642,144.75866,bus,PTV Stop 1203
-38.236726,144.52745,train,PTV Stop 1204
-38.185965,145.072258,train,PTV Stop 1205
-37.700022,145.14738,bus,PTV Stop 1206
-38.155288,145.151587,bus,PTV Stop 1207
-38.285963,145.280304,bus,PTV Stop 1208
-38.293771,145.411515,bus,PTV Stop 1209
-38.17876,145.300865,train,PTV Stop 1210
-38.123327,145.305086,tram,PTV Stop 1211
-37.801082,145.209368,tram,PTV Stop 1212
-38.003335,144.876475,tram,PTV Stop 1213
-37.978701,144.718209,tram,PTV Stop 1214
-37.825963,145.324311,tram,PTV Stop 1215
-37.890859,144.507348,bus,PTV Stop 1216
-37.62346,145.339378,bus,PTV Stop 1217
-37.846861,145.10905,tram,PTV Stop 1218
-37.820911,144.981738,tram,PTV Stop 1219
-37.608147,145.140595,tram,PTV Stop 1220
-38.117197,145.211094,bus,PTV Stop 1221
-38.090846,144.649929,train,PTV Stop 1222
-37.670219,145.30543,bus,PTV Stop 1223
-38.017131,144.819586,train,PTV Stop 1224
-37.795102,145.155401,tram,PTV Stop 1225
-38.118402,144.918566,tram,PTV Stop 1226
-37.784288,145.083024,bus,PTV Stop 1227
-37.72879,144.843167,bus,PTV Stop 1228
-38.144346,145.034635,tram,PTV Stop 1229
-37.665431,145.171868,bus,PTV Stop 1230
-38.089864,144.669987,bus,PTV Stop 1231
-37.686454,144.681136,train,PTV Stop 1232
-37.970453,145.240919,bus,PTV Stop 1233
-37.734159,145.262918,train,PTV Stop 1234
-37.637154,145.399591,bus,PTV Stop 1235
-38.23749,144.855283,bus,PTV Stop 1236
-37.689997,144.920473,tram,PTV Stop 1237
-38.039822,145.085571,tram,PTV Stop 1238
-37.70415,144.970537,bus,PTV Stop 1239
-37.891498,145.444301,train,PTV Stop 1240
-37.969446,144.694544,train,PTV Stop 1241
-37.692752,144.881669,tram,PTV Stop 1242
-38.010825,145.370849,train,PTV Stop 1243
-38.203844,144.700297,tram,PTV Stop 1244
-37.608966,145.392845,tram,PTV Stop 1245
-38.199743,145.362394,train,PTV Stop 1246
-37.754741,144.987581,bus,PTV Stop 1247
-37.609352,144.813414,train,PTV Stop 1248
-38.296701,144.773528,train,PTV Stop 1249
-37.896605,144.658435,train,PTV Stop 1250
-38.209416,144.933711,tram,PTV Stop 1251
-38.017625,145.465328,tram,PTV Stop 1252
-38.296732,145.033783,bus,PTV Stop 1253
-38.038829,144.514077,tram,PTV Stop 1254
-37.770207,145.031034,train,PTV Stop 1255
-37.826276,145.126687,train,PTV Stop 1256
-38.141614,145.376985,tram,PTV Stop 1257
-38.209748,144.88355,bus,PTV Stop 1258
-38.085719,144.565287,train,PTV Stop 1259
-38.091258,144.790828,bus,PTV Stop 1260
-37.935798,145.024118,tram,PTV Stop 1261
-37.678418,145.495472,tram,PTV Stop 1262
-37.602703,144.990179,train,PTV Stop 1263
-38.184582,145.406894,tram,PTV Stop 1264
-38.286613,144.724321,train,PTV Stop 1265
-38.152167,144.521913,bus,PTV Stop 1266
-38.181711,144.866591,bus,PTV Stop 1267
-37.745511,144.875192,bus,PTV Stop 1268
-38.120948,145.034733,train,PTV Stop 1269
-37.884253,144.54796,train,PTV Stop 1270
-37.842503,144.519742,bus,PTV Stop 1271
-38.218947,144.944314,train,PTV Stop 1272
-37.916902,144.974396,train,PTV Stop 1273
-38.156154,145.18574,train,PTV Stop 1274
-38.089218,145.161665,bus,PTV Stop 1275
-37.935784,145.122798,bus,PTV Stop 1276
-38.203986,145.330653,train,PTV Stop 1277
-37.941891,145.117698,tram,PTV Stop 1278
-38.220191,144.606264,train,PTV Stop 1279
-37.873699,145.277959,bus,PTV Stop 1280
-37.618816,144.857922,tram,PTV Stop 1281
-38.093254,144.539406,tram,PTV Stop 1282
-37.66275,145.188204,tram,PTV Stop 1283
-38.068577,144.502738,bus,PTV Stop 1284
-38.237698,144.610431,bus,PTV Stop 1285
-37.831685,144.649144,train,PTV Stop 1286
-37.754332,144.575048,bus,PTV Stop 1287
-38.229097,144.755892,train,PTV Stop 1288
-37.980274,145.477291,tram,PTV Stop 1289
-37.975006,144.599809,train,PTV Stop 1290
-37.688102,145.352249,tram,PTV Stop 1291
-37.738883,144.812707,bus,PTV Stop 1292
-38.218869,145.351246,train,PTV Stop 1293
-38.293229,144.638394,bus,PTV Stop 1294
-38.180641,144.857527,tram,PTV Stop 1295
-37.631438,144.768309,bus,PTV Stop 1296
-38.234934,145.314964,train,PTV Stop 1297
-38.220318,144.90025,tram,PTV Stop 1298
-38.109717,144.885715,tram,PTV Stop 1299
-37.740071,145.148846,train,PTV Stop 1300
-38.22086,145.19617,train,PTV Stop 1301
-37.612902,145.34435,train,PTV Stop 1302
-38.008781,145.09075,bus,PTV Stop 1303
-37.825125,144.681261,tram,PTV Stop 1304
-37.754585,145.111358,bus,PTV Stop 1305
-37.684035,145.227279,train,PTV Stop 1306
-37.961844,144.988123,tram,PTV Stop 1307
-37.991518,144.563336,bus,PTV Stop 1308
-38.080033,145.204568,bus,PTV Stop 1309
-37.932627,145.243624,bus,PTV Stop 1310
-37.904491,145.477896,bus,PTV Stop 1311
-37.6888,145.0191,bus,PTV Stop 1312
-37.809594,144.595242,bus,PTV Stop 1313
-37.791344,144.98193,bus,PTV Stop 1314
-37.826593,144.884877,bus,PTV Stop 1315
-37.675557,145.112914,train,PTV Stop 1316
-37.849621,144.656927,tram,PTV Stop 1317
-37.70369,145.369416,train,PTV Stop 1318
-37.773999,144.820634,tram,PTV Stop 1319
-37.620898,144.550351,train,PTV Stop 1320
-37.914653,144.878638,train,PTV Stop 1321
-38.244819,144.944189,bus,PTV Stop 1322
-37.986331,145.356589,tram,PTV Stop 1323
-38.078757,145.480671,bus,PTV Stop 1324
-37.842639,144.602643,tram,PTV Stop 1325
-38.274918,145.049099,train,PTV Stop 1326
-37.745752,145.463171,bus,PTV Stop 1327
-38.086781,145.008338,train,PTV Stop 1328
-37.841783,144.956208,tram,PTV Stop 1329
-38.04566,144.554275,train,PTV Stop 1330
-37.708978,144.831973,bus,PTV Stop 1331
-37.880034,145.216658,tram,PTV Stop 1332
-37.798861,144.614023,bus,PTV Stop 1333
-38.144777,144.841357,bus,PTV Stop 1334
-37.624896,144.791984,bus,PTV Stop 1335
-38.038277,144.606322,train,PTV Stop 1336
-37.955305,145.321839,bus,PTV Stop 1337
-37.794909,144.606962,bus,PTV Stop 1338
-38.162855,144.620746,tram,PTV Stop 1339
-38.149087,145.324554,train,PTV Stop 1340
-37.798248,144.607766,tram,PTV Stop 1341
-38.26745,145.13324,bus,PTV Stop 1342
-37.887832,145.272145,tram,PTV Stop 1343
-37.979828,145.089316,bus,PTV Stop 1344
-38.205755,144.998829,bus,PTV Stop 1345
-37.78465,145.053226,tram,PTV Stop 1346
-37.712829,144.982932,bus,PTV Stop 1347
-37.753243,145.410181,bus,PTV Stop 1348
-37.895012,145.230495,train,PTV Stop 1349
-38.227512,145.157522,bus,PTV Stop 1350
-37.682113,145.00411,tram,PTV Stop 1351
-38.006935,145.108994,bus,PTV Stop 1352
-37.766338,144.773596,tram,PTV Stop 1353
-37.620656,144.952846,train,PTV Stop 1354
-38.203274,145.102524,bus,PTV Stop 1355
-37.941394,145.343074,bus,PTV Stop 1356
-37.697505,145.211874,bus,PTV Stop 1357
-37.857192,144.700889,bus,PTV Stop 1358
-37.799931,145.186611,bus,PTV Stop 1359
-38.20713,145.210396,train,PTV Stop 1360
-37.947275,145.194312,tram,PTV Stop 1361
-37.802753,145.260775,bus,PTV Stop 1362
-37.963741,145.070638,bus,PTV Stop 1363
-37.802913,145.174243,bus,PTV Stop 1364
-38.09985,145.347301,train,PTV Stop 1365
-37.934089,144.525272,train,PTV Stop 1366
-38.262855,144.556605,tram,PTV Stop 1367
-37.77487,144.660935,tram,PTV Stop 1368
-37.821627,144.646428,train,PTV Stop 1369
-37.816584,144.795141,bus,PTV Stop 1370
-38.277386,145.314026,train,PTV Stop 1371
-37.868724,145.175526,bus,PTV Stop 1372
-37.694611,145.242413,bus,PTV Stop 1373
-38.027779,145.010922,bus,PTV Stop 1374
-38.098653,145.164494,tram,PTV Stop 1375
-38.028712,145.456702,bus,PTV Stop 1376
-38.081142,145.052125,train,PTV Stop 1377
-37.779431,144.703087,tram,PTV Stop 1378
-37.719012,145.411486,bus,PTV Stop 1379
-37.803318,144.867741,bus,PTV Stop 1380
-37.917369,145.103387,bus,PTV Stop 1381
-37.624997,144.794178,train,PTV Stop 1382
-37.611583,144.574469,train,PTV Stop 1383
-37.785444,144.619354,train,PTV Stop 1384
-38.000045,145.056599,train,PTV Stop 1385
-38.18735,145.346014,train,PTV Stop 1386
-38.068606,145.209689,train,PTV Stop 1387
-38.272042,145.428628,bus,PTV Stop 1388
-38.264401,145.432382,bus,PTV Stop 1389
-37.709802,144.801155,bus,PTV Stop 1390
-37.914888,144.572881,bus,PTV Stop 1391
-38.077499,144.719962,train,PTV Stop 1392
-37.935576,145.286258,train,PTV Stop 1393
-38.008848,145.037036,train,PTV Stop 1394
-38.055418,145.383397,bus,PTV Stop 1395
-38.067682,144.860798,train,PTV Stop 1396
-37.634784,145.118281,tram,PTV Stop 1397
-37.602358,145.323688,bus,PTV Stop 1398
-38.293837,145.168938,tram,PTV Stop 1399
-38.131756,145.142264,bus,PTV Stop 1400
-38.129321,144.539877,tram,PTV Stop 1401
-38.033039,145.296207,train,PTV Stop 1402
-38.029887,145.040237,tram,PTV Stop 1403
-38.282706,145.016868,tram,PTV Stop 1404
-37.939984,145.008736,tram,PTV Stop 1405
-38.269304,145.398282,train,PTV Stop 1406
-38.075781,144.582345,train,PTV Stop 1407
-38.182824,145.456276,bus,PTV Stop 1408
-37.926756,145.126933,train,PTV Stop 1409
-37.830765,145.273582,bus,PTV Stop 1410
-38.003053,144.603927,bus,PTV Stop 1411
-37.719876,145.378637,bus,PTV Stop 1412
-37.757355,145.146561,train,PTV Stop 1413
-37.777176,144.653755,tram,PTV Stop 1414
-37.798192,144.537886,train,PTV Stop 1415
-38.262012,145.294215,bus,PTV Stop 1416
-38.250691,145.321619,tram,PTV Stop 1417
-38.014657,144.951126,tram,PTV Stop 1418
-37.996882,144.516891,bus,PTV Stop 1419
-38.217186,144.505899,bus,PTV Stop 1420
-37.867155,145.255961,bus,PTV Stop 1421
-38.268138,145.348251,tram,PTV Stop 1422
-37.650367,144.606136,bus,PTV Stop 1423
-38.089055,144.586505,tram,PTV Stop 1424
-38.03301,145.322122,train,PTV Stop 1425
-37.968209,145.033468,train,PTV Stop 1426
-37.777272,145.29677,bus,PTV Stop 1427
-38.093515,145.134046,tram,PTV Stop 1428
-37.825898,145.414169,bus,PTV Stop 1429
-37.846442,145.457392,train,PTV Stop 1430
-37.912533,145.05507,train,PTV Stop 1431
-38.270759,145.072719,tram,PTV Stop 1432
-37.923994,145.446979,tram,PTV Stop 1433
-38.152963,145.24143,bus,PTV Stop 1434
-38.059304,144.912654,bus,PTV Stop 1435
-37.703979,144.642455,train,PTV Stop 1436
-38.145448,145.334748,train,PTV Stop 1437
-38.219764,145.170978,bus,PTV Stop 1438
-37.703424,145.351388,bus,PTV Stop 1439
-37.977114,145.049665,tram,PTV Stop 1440
-37.82982,144.750688,train,PTV Stop 1441
-37.792088,144.98719,tram,PTV Stop 1442
-38.050003,145.171296,train,PTV Stop 1443
-38.229968,145.119516,train,PTV Stop 1444
-38.07755,144.950646,bus,PTV Stop 1445
-37.838404,145.193458,train,PTV Stop 1446
-37.904114,144.864493,tram,PTV Stop 1447
-37.628939,144.66864,tram,PTV Stop 1448
-38.127677,144.721526,bus,PTV Stop 1449
-37.851413,144.77668,tram,PTV Stop 1450
-38.205986,145.232973,tram,PTV Stop 1451
-37.976006,144.858742,tram,PTV Stop 1452
-37.95912,144.608833,bus,PTV Stop 1453
-37.875361,145.341793,train,PTV Stop 1454
-37.676092,144.696432,bus,PTV Stop 1455
-37.679565,144.576462,train,PTV Stop 1456
-37.675526,145.349587,bus,PTV Stop 1457
-38.278164,145.08189,tram,PTV Stop 1458
-37.76156,144.712761,train,PTV Stop 1459
-37.913884,145.043469,bus,PTV Stop 1460
-37.969527,145.275197,tram,PTV Stop 1461
-38.025251,145.391438,bus,PTV Stop 1462
-37.786741,144.790999,tram,PTV Stop 1463
-37.949214,144.590554,tram,PTV Stop 1464
-37.948483,145.162678,bus,PTV Stop 1465
-37.821087,145.257206,train,PTV Stop 1466
-37.987646,144.679145,bus,PTV Stop 1467
-37.838411,145.467736,bus,PTV Stop 1468
-37.787597,145.439175,train,PTV Stop 1469
-38.146827,144.987642,train,PTV Stop 1470
-38.11495,144.734019,bus,PTV Stop 1471
-38.155258,145.407726,tram,PTV Stop 1472
-38.028335,145.417902,train,PTV Stop 1473
-38.272067,145.148525,train,PTV Stop 1474
-37.807385,145.021373,tram,PTV Stop 1475
-37.715589,144.763316,bus,PTV Stop 1476
-37.900888,144.87666,tram,PTV Stop 1477
-38.044292,145.153337,train,PTV Stop 1478
-37.938336,144.876329,train,PTV Stop 1479
-37.93854,144.852898,tram,PTV Stop 1480
-37.959197,144.98211,bus,PTV Stop 1481
-38.295382,145.382034,tram,PTV Stop 1482
-38.184076,144.577088,bus,PTV Stop 1483
-38.103433,144.65024,train,PTV Stop 1484
-38.046444,145.217303,train,PTV Stop 1485
-37.837223,144.914614,tram,PTV Stop 1486
-37.795821,144.981517,tram,PTV Stop 1487
-37.964685,145.090791,bus,PTV Stop 1488
-37.716645,144.522446,train,PTV Stop 1489
-38.21048,145.092348,train,PTV Stop 1490
-37.859322,144.539191,bus,PTV Stop 1491
-38.197194,144.666341,train,PTV Stop 1492
-37.938352,144.905456,bus,PTV Stop 1493
-37.853664,145.378509,bus,PTV Stop 1494
-37.836778,144.783455,train,PTV Stop 1495
-38.148385,145.106526,tram,PTV Stop 1496
-37.692888,144.670567,tram,PTV Stop 1497
-37.879413,145.294616,train,PTV Stop 1498
-37.863752,145.010805,train,PTV Stop 1499
-37.793069,144.842671,tram,PTV Stop 1500
-37.882427,144.568843,tram,PTV Stop 1501
-38.030177,144.60857,train,PTV Stop 1502
-37.934102,145.409339,bus,PTV Stop 1503
-38.006143,144.649561,train,PTV Stop 1504
-38.175804,145.401608,bus,PTV Stop 1505
-38.272674,145.283868,bus,PTV Stop 1506
-37.773332,144.59319,bus,PTV Stop 1507
-38.20877,145.103475,train,PTV Stop 1508
-37.672122,145.27487,bus,PTV Stop 1509
-37.997952,144.920684,train,PTV Stop 1510
-37.81165,144.928956,tram,PTV Stop 1511
-37.747311,144.881236,bus,PTV Stop 1512
-37.736765,145.407859,bus,PTV Stop 1513
-37.896715,144.925489,tram,PTV Stop 1514
-37.966001,144.732513,train,PTV Stop 1515
-38.101713,145.376766,tram,PTV Stop 1516
-38.119537,144.505469,bus,PTV Stop 1517
-37.747404,145.077987,train,PTV Stop 1518
-37.936167,144.87503,train,PTV Stop 1519
-37.818563,144.815902,tram,PTV Stop 1520
-38.225392,144.926072,bus,PTV Stop 1521
-38.122457,145.354977,tram,PTV Stop 1522
-37.904731,145.111881,bus,PTV Stop 1523
-38.021782,144.703694,bus,PTV Stop 1524
-37.751348,144.982468,tram,PTV Stop 1525
-37.908634,144.98376,tram,PTV Stop 1526
-37.895644,145.274194,tram,PTV Stop 1527
-37.784952,145.354999,bus,PTV Stop 1528
-38.21664,144.729771,bus,PTV Stop 1529
-37.635528,144.600279,bus,PTV Stop 1530
-38.019607,144.838438,bus,PTV Stop 1531
-37.870182,145.184564,train,PTV Stop 1532
-38.187483,145.46457,train,PTV Stop 1533
-37.736941,145.323255,tram,PTV Stop 1534
-37.651897,144.935377,train,PTV Stop 1535
-38.115836,144.870835,bus,PTV Stop 1536
-38.273571,144.884326,tram,PTV Stop 1537
-37.870224,145.021006,bus,PTV Stop 1538
-37.625529,144.557463,train,PTV Stop 1539
-37.851796,144.938972,train,PTV Stop 1540
-37.704603,145.430758,bus,PTV Stop 1541
-38.099795,144.533609,bus,PTV Stop 1542
-37.942617,145.19845,bus,PTV Stop 1543
-38.181362,144.536061,train,PTV Stop 1544
-37.841487,145.475646,train,PTV Stop 1545
-37.602228,145.279673,tram,PTV Stop 1546
-37.831237,144.905451,train,PTV Stop 1547
-37.93758,145.236926,train,PTV Stop 1548
-37.656576,145.049593,bus,PTV Stop 1549
-37.719165,145.415009,tram,PTV Stop 1550
-38.056767,145.315515,train,PTV Stop 1551
-37.875546,144.694525,tram,PTV Stop 1552
-37.897565,144.761108,tram,PTV Stop 1553
-37.945633,145.058631,bus,PTV Stop 1554
-38.094024,145.447015,bus,PTV Stop 1555
-37.630303,145.376113,bus,PTV Stop 1556
-38.124901,144.942769,tram,PTV Stop 1557
-37.905782,145.269967,tram,PTV Stop 1558
-37.627133,144.958848,tram,PTV Stop 1559
-37.672433,145.362023,tram,PTV Stop 1560
-38.218612,144.567554,bus,PTV Stop 1561
-37.747941,144.720382,bus,PTV Stop 1562
-38.139049,144.815731,tram,PTV Stop 1563
-37.938447,144.509723,tram,PTV Stop 1564
-38.12622,144.593009,bus,PTV Stop 1565
-37.775848,144.841993,bus,PTV Stop 1566
-37.648023,144.976555,tram,PTV Stop 1567
-38.147004,145.073713,train,PTV Stop 1568
-37.637017,145.183107,train,PTV Stop 1569
-37.9507,144.699667,bus,PTV Stop 1570
-38.13056,144.765405,train,PTV Stop 1571
-38.158063,144.749695,bus,PTV Stop 1572
-38.050781,145.278938,train,PTV Stop 1573
-37.655868,145.175812,bus,PTV Stop 1574
-37.955135,144.506624,bus,PTV Stop 1575
-37.629405,145.348011,tram,PTV Stop 1576
-37.865533,144.99234,bus,PTV Stop 1577
-37.691862,144.990805,bus,PTV Stop 1578
-38.103813,144.722093,bus,PTV Stop 1579
-38.210228,145.025735,tram,PTV Stop 1580
-37.965176,145.040768,bus,PTV Stop 1581
-38.056898,145.3604,train,PTV Stop 1582
-37.979963,144.620368,bus,PTV Stop 1583
-37.977951,145.189211,train,PTV Stop 1584
-37.828128,144.879428,train,PTV Stop 1585
-38.072195,145.112778,tram,PTV Stop 1586
-38.168993,144.762849,tram,PTV Stop 1587
-37.970058,145.113084,tram,PTV Stop 1588
-38.17126,144.923943,tram,PTV Stop 1589
-37.809501,144.87231,tram,PTV Stop 1590
-38.104259,144.679889,train,PTV Stop 1591
-37.614509,145.186012,train,PTV Stop 1592
-37.795429,145.304088,bus,PTV Stop 1593
-37.997447,144.880883,train,PTV Stop 1594
-37.739974,145.238542,tram,PTV Stop 1595
-37.736032,144.676607,tram,PTV Stop 1596
-38.20587,145.39327,bus,PTV Stop 1597
-37.938095,145.22056,tram,PTV Stop 1598
-38.089976,145.062138,bus,PTV Stop 1599
-38.266603,144.598975,train,PTV Stop 1600
-38.257975,145.313818,tram,PTV Stop 1601
-37.71272,144.596302,bus,PTV Stop 1602
-38.06574,144.860962,bus,PTV Stop 1603
-37.909756,145.310016,tram,PTV Stop 1604
-38.286115,144.621237,bus,PTV Stop 1605
-37.625818,144.698958,bus,PTV Stop 1606
-37.845094,145.038438,tram,PTV Stop 1607
-38.051424,145.173193,tram,PTV Stop 1608
-37.757679,144.94693,train,PTV Stop 1609
-38.03325,144.786524,bus,PTV Stop 1610
-37.630384,145.368258,bus,PTV Stop 1611
-37.734598,144.837388,bus,PTV Stop 1612
-37.871383,144.904773,train,PTV Stop 1613
-38.244622,144.843625,tram,PTV Stop 1614
-38.078185,144.791356,tram,PTV Stop 1615
-37.876231,144.895455,tram,PTV Stop 1616
-37.753318,145.43877,bus,PTV Stop 1617
-37.889156,145.465526,tram,PTV Stop 1618
-38.182877,145.354212,train,PTV Stop 1619
-37.790559,145.162023,bus,PTV Stop 1620
-37.809512,144.580065,train,PTV Stop 1621
-38.022068,144.595554,tram,PTV Stop 1622
-37.916096,144.526365,tram,PTV Stop 1623
-37.933212,145.496014,train,PTV Stop 1624
-38.116283,144.655274,bus,PTV Stop 1625
-37.647887,144.889846,train,PTV Stop 1626
-38.126822,144.784175,bus,PTV Stop 1627
-38.211512,145.026742,train,PTV Stop 1628
-38.28,145.163549,tram,PTV Stop 1629
-37.695031,144.967193,bus,PTV Stop 1630
-37.6456,145.048545,train,PTV Stop 1631
-37.62132,145.197623,train,PTV Stop 1632
-37.886418,144.956543,bus,PTV Stop 1633
-37.854904,145.063984,bus,PTV Stop 1634
-37.852149,145.033784,tram,PTV Stop 1635
-37.962844,144.727128,train,PTV Stop 1636
-37.990698,144.865783,tram,PTV Stop 1637
-38.190998,144.510556,bus,PTV Stop 1638
-37.729234,145.347946,tram,PTV Stop 1639
-38.099266,145.035099,bus,PTV Stop 1640
-37.654538,145.446958,tram,PTV Stop 1641
-38.090273,145.265869,tram,PTV Stop 1642
-37.882097,145.296767,bus,PTV Stop 1643
-38.038449,144.911736,bus,PTV Stop 1644
-37.994026,144.749896,bus,PTV Stop 1645
-37.784018,144.889723,tram,PTV Stop 1646
-38.145585,144.57921,bus,PTV Stop 1647
-38.132307,145.264538,bus,PTV Stop 1648
-37.734698,145.18464,tram,PTV Stop 1649
-37.84608,145.031944,tram,PTV Stop 1650
-38.010967,145.353482,train,PTV Stop 1651
-38.204363,144.610356,tram,PTV Stop 1652
-37.867589,144.772134,bus,PTV Stop 1653
-37.955603,144.820644,train,PTV Stop 1654
-38.265258,145.034971,train,PTV Stop 1655
-37.619367,144.782115,train,PTV Stop 1656
-37.799363,145.227107,train,PTV Stop 1657
-38.236862,144.514725,train,PTV Stop 1658
-38.060661,144.811577,tram,PTV Stop 1659
-37.601426,144.963684,train,PTV Stop 1660
-38.068826,145.343546,train,PTV Stop 1661
-38.260773,145.275653,train,PTV Stop 1662
-37.919766,144.681604,tram,PTV Stop 1663
-37.727924,145.328252,train,PTV Stop 1664
-37.617781,145.214683,tram,PTV Stop 1665
-37.760142,144.942961,bus,PTV Stop 1666
-37.603825,144.69918,bus,PTV Stop 1667
-37.760303,145.021139,train,PTV Stop 1668
-37.969022,145.181442,tram,PTV Stop 1669
-37.644649,144.658611,bus,PTV Stop 1670
-38.27047,145.437421,bus,PTV Stop 1671
-38.214501,144.98123,tram,PTV Stop 1672
-38.160893,145.38752,bus,PTV Stop 1673
-38.147548,144.612928,bus,PTV Stop 1674
-37.996087,144.515068,tram,PTV Stop 1675
-37.890712,144.895808,train,PTV Stop 1676
-38.293749,144.541993,bus,PTV Stop 1677
-37.967311,145.096212,tram,PTV Stop 1678
-37.760442,144.748722,tram,PTV Stop 1679
-38.236019,145.118645,bus,PTV Stop 1680
-38.257963,144.855518,train,PTV Stop 1681
-37.80907,145.291466,train,PTV Stop 1682
-37.95851,144.81674,bus,PTV Stop 1683
-37.748007,145.256698,tram,PTV Stop 1684
-37.786768,144.521353,tram,PTV Stop 1685
-38.049283,144.634732,train,PTV Stop 1686
-37.960289,144.9375,tram,PTV Stop 1687
-37.920086,144.990092,bus,PTV Stop 1688
-38.169361,144.847665,bus,PTV Stop 1689
-37.972124,145.367662,bus,PTV Stop 1690
-37.659868,145.05452,train,PTV Stop 1691
-37.928204,144.949384,tram,PTV Stop 1692
-37.920876,144.954079,bus,PTV Stop 1693
-37.94583,145.233658,train,PTV Stop 1694
-37.866186,144.864075,bus,PTV Stop 1695
-38.132849,145.221004,bus,PTV Stop 1696
-37.622986,145.31905,train,PTV Stop 1697
-37.933151,144.997549,bus,PTV Stop 1698
-38.192108,144.783129,tram,PTV Stop 1699
-37.851367,144.610464,bus,PTV Stop 1700
-37.838776,144.543777,train,PTV Stop 1701
-38.174953,144.531274,train,PTV Stop 1702
-37.960241,144.598754,bus,PTV Stop 1703
-37.850774,144.888599,tram,PTV Stop 1704
-37.931925,145.201314,tram,PTV Stop 1705
-38.26564,144.720723,bus,PTV Stop 1706
-38.250388,145.430211,train,PTV Stop 1707
-37.840975,145.428404,train,PTV Stop 1708
-37.972359,145.138917,tram,PTV Stop 1709
-37.909386,145.438244,tram,PTV Stop 1710
-37.724581,145.29425,train,PTV Stop 1711
-37.72345,144.765816,train,PTV Stop 1712
-37.78599,145.334456,train,PTV Stop 1713
-37.638778,145.460587,train,PTV Stop 1714
-38.229142,144.731018,tram,PTV Stop 1715
-38.167378,145.026192,train,PTV Stop 1716
-37.900981,145.447503,bus,PTV Stop 1717
-37.775564,144.915185,train,PTV Stop 1718
-37.763602,145.076564,bus,PTV Stop 1719
-37.978896,145.165242,train,PTV Stop 1720
-38.183233,144.680397,tram,PTV Stop 1721
-37.946715,145.157532,bus,PTV Stop 1722
-37.601096,144.943012,tram,PTV Stop 1723
-37.668261,145.050081,tram,PTV Stop 1724
-37.708602,144.912343,bus,PTV Stop 1725
-37.998588,145.225868,bus,PTV Stop 1726
-38.131494,145.045626,tram,PTV Stop 1727
-37.764004,145.426147,tram,PTV Stop 1728
-38.047994,144.952403,tram,PTV Stop 1729
-38.299863,144.534663,tram,PTV Stop 1730
-37.882966,145.017609,tram,PTV Stop 1731
-38.295402,145.484394,train,PTV Stop 1732
-37.700996,144.521701,bus,PTV Stop 1733
-37.724364,145.419112,bus,PTV Stop 1734
-37.910574,145.425922,train,PTV Stop 1735
-38.233999,144.96037,train,PTV Stop 1736
-38.203114,144.867083,bus,PTV Stop 1737
-38.1251,144.756244,tram,PTV Stop 1738
-38.235666,144.899798,train,PTV Stop 1739
-37.786014,145.223581,tram,PTV Stop 1740
-38.178968,145.325705,bus,PTV Stop 1741
-37.808006,145.319515,train,PTV Stop 1742
-37.883338,144.800393,bus,PTV Stop 1743
-37.734161,144.881546,train,PTV Stop 1744
-37.65469,144.83439,tram,PTV Stop 1745
-38.008435,145.367831,train,PTV Stop 1746
-37.776625,145.349478,train,PTV Stop 1747
-37.856279,145.132194,train,PTV Stop 1748
-38.086652,144.541182,bus,PTV Stop 1749
-37.904561,144.826832,bus,PTV Stop 1750
-38.145442,144.55052,bus,PTV Stop 1751
-37.601843,145.47104,bus,PTV Stop 1752
-37.897322,144.590083,tram,PTV Stop 1753
-38.097152,144.894322,train,PTV Stop 1754
-38.064682,144.975855,bus,PTV Stop 1755
-38.265482,144.899191,train,PTV Stop 1756
-38.021031,144.934491,bus,PTV Stop 1757
-38.208737,144.634871,bus,PTV Stop 1758
-38.161324,144.895319,bus,PTV Stop 1759
-38.16273,145.115997,bus,PTV Stop 1760
-37.933027,144.742315,tram,PTV Stop 1761
-37.75626,144.823412,bus,PTV Stop 1762
-38.237284,145.171748,tram,PTV Stop 1763
-38.044313,144.69049,tram,PTV Stop 1764
-37.884286,144.524207,tram,PTV Stop 1765
-38.181521,144.849716,tram,PTV Stop 1766
-37.863772,144.940463,train,PTV Stop 1767
-38.16022,144.873821,bus,PTV Stop 1768
-37.703065,144.612372,train,PTV Stop 1769
-38.129866,145.121002,train,PTV Stop 1770
-37.691873,145.320134,train,PTV Stop 1771
-38.05971,145.304281,tram,PTV Stop 1772
-37.984957,144.522748,train,PTV Stop 1773
-37.781991,144.711875,bus,PTV Stop 1774
-37.933714,144.758658,tram,PTV Stop 1775
-37.863871,145.492302,bus,PTV Stop 1776
-37.810871,144.518389,bus,PTV Stop 1777
-37.665772,145.026799,tram,PTV Stop 1778
-38.180776,144.784014,bus,PTV Stop 1779
-37.867425,144.553085,bus,PTV Stop 1780
-37.638376,144.566598,bus,PTV Stop 1781
-38.110083,145.352083,bus,PTV Stop 1782
-38.047847,144.607891,tram,PTV Stop 1783
-37.692813,145.149411,train,PTV Stop 1784
-37.614145,145.00854,bus,PTV Stop 1785
-38.230277,144.815456,bus,PTV Stop 1786
-37.927908,144.686417,bus,PTV Stop 1787
-37.623246,145.060688,bus,PTV Stop 1788
-38.284958,144.747392,bus,PTV Stop 1789
-38.086551,144.989933,bus,PTV Stop 1790
-38.190096,144.84678,tram,PTV Stop 1791
-38.051235,144.802326,bus,PTV Stop 1792
-38.106885,144.56201,tram,PTV Stop 1793
-37.684926,145.390402,train,PTV Stop 1794
-37.639104,145.449116,train,PTV Stop 1795
-38.193804,145.397175,bus,PTV Stop 1796
-38.203918,145.22989,bus,PTV Stop 1797
-37.627576,145.112448,bus,PTV Stop 1798
-37.819434,144.917333,bus,PTV Stop 1799
-38.193076,145.470537,bus,PTV Stop 1800
-38.069501,145.042234,train,PTV Stop 1801
-37.843269,145.081031,bus,PTV Stop 1802
-37.739926,145.362588,tram,PTV Stop 1803
-37.818028,145.398643,train,PTV Stop 1804
-37.998955,145.409002,train,PTV Stop 1805
-37.840638,145.064844,train,PTV Stop 1806
-38.077753,145.05734,bus,PTV Stop 1807
-38.217129,144.817598,train,PTV Stop 1808
-37.791044,145.265435,tram,PTV Stop 1809
-37.627163,144.803348,bus,PTV Stop 1810
-37.646362,145.39413,bus,PTV Stop 1811
-38.108343,145.279108,train,PTV Stop 1812
-38.207918,144.526198,bus,PTV Stop 1813
-37.868137,145.105605,bus,PTV Stop 1814
-38.138362,144.732183,bus,PTV Stop 1815
-38.281741,144.579475,tram,PTV Stop 1816
-38.206139,145.346138,tram,PTV Stop 1817
-37.801587,144.873959,tram,PTV Stop 1818
-37.955988,144.637513,train,PTV Stop 1819
-38.141609,144.908589,train,PTV Stop 1820
-37.652195,145.450198,train,PTV Stop 1821
-37.780343,145.488243,train,PTV Stop 1822
-38.253705,145.427103,tram,PTV Stop 1823
-37.69301,144.989943,tram,PTV Stop 1824
-37.693258,145.387587,tram,PTV Stop 1825
-38.016593,144.541826,bus,PTV Stop 1826
-37.72297,145.220201,tram,PTV Stop 1827
-37.871947,145.242468,bus,PTV Stop 1828
-37.924688,145.141394,bus,PTV Stop 1829
-37.749156,145.020649,tram,PTV Stop 1830
-37.98017,145.377767,train,PTV Stop 1831
-37.936908,144.895611,bus,PTV Stop 1832
-38.272524,144.887398,bus,PTV Stop 1833
-37.626185,144.68985,tram,PTV Stop 1834
-38.021372,144.804554,tram,PTV Stop 1835
-37.977057,144.922462,bus,PTV Stop 1836
-37.656677,145.189953,train,PTV Stop 1837
-37.975495,145.146102,train,PTV Stop 1838
-37.794147,144.613172,bus,PTV Stop 1839
-37.64351,145.196114,train,PTV Stop 1840
-38.024853,144.823461,train,PTV Stop 1841
-38.174785,145.090315,bus,PTV Stop 1842
-37.672944,145.382548,train,PTV Stop 1843
-38.124942,145.191717,bus,PTV Stop 1844
-37.74246,145.218375,train,PTV Stop 1845
-38.236166,145.206227,bus,PTV Stop 1846
-38.04594,145.023817,tram,PTV Stop 1847
-37.791188,145.475191,bus,PTV Stop 1848
-37.635172,144.878679,tram,PTV Stop 1849
-38.269266,144.670885,tram,PTV Stop 1850
-37.904156,145.15953,train,PTV Stop 1851
-38.186513,144.644607,bus,PTV Stop 1852
-38.264083,144.808062,bus,PTV Stop 1853
-37.761959,144.946258,bus,PTV Stop 1854
-38.173513,145.398542,train,PTV Stop 1855
-38.297527,145.265396,train,PTV Stop 1856
-37.97895,145.355411,bus,PTV Stop 1857
-37.734782,145.107984,tram,PTV Stop 1858
-38.133485,145.088862,tram,PTV Stop 1859
-37.982383,144.941875,bus,PTV Stop 1860
-37.879929,144.744713,bus,PTV Stop 1861
-38.105321,145.128635,train,PTV Stop 1862
-38.265757,144.648256,bus,PTV Stop 1863
-38.055686,144.645374,train,PTV Stop 1864
-37.833102,145.338014,tram,PTV Stop 1865
-38.068222,144.587703,train,PTV Stop 1866
-38.00813,144.678248,bus,PTV Stop 1867
-38.100934,145.160925,bus,PTV Stop 1868
-37.883522,145.287308,train,PTV Stop 1869
-37.623595,145.249335,tram,PTV Stop 1870
-37.647964,144.593126,tram,PTV Stop 1871
-38.074025,145.39753,train,PTV Stop 1872
-37.769091,145.34331,train,PTV Stop 1873
-38.095017,144.634546,bus,PTV Stop 1874
-37.698414,144.829209,tram,PTV Stop 1875
-37.932748,145.195829,bus,PTV Stop 1876
-38.259271,145.071367,bus,PTV Stop 1877
-37.929737,144.58767,bus,PTV Stop 1878
-37.817942,145.433892,bus,PTV Stop 1879
-38.098969,145.108845,tram,PTV Stop 1880
-38.118238,145.075143,bus,PTV Stop 1881
-38.052303,144.629713,bus,PTV Stop 1882
-37.952522,145.229185,tram,PTV Stop 1883
-37.955247,144.679907,bus,PTV Stop 1884
-38.137095,144.790488,train,PTV Stop 1885
-38.298893,144.523987,bus,PTV Stop 1886
-37.742287,145.237468,train,PTV Stop 1887
-37.740305,145.498987,tram,PTV Stop 1888
-38.268155,144.84965,bus,PTV Stop 1889
-38.151363,145.140618,bus,PTV Stop 1890
-38.102861,145.290196,tram,PTV Stop 1891
-38.089801,145.049994,train,PTV Stop 1892
-38.220314,144.833283,tram,PTV Stop 1893
-37.792922,145.115993,train,PTV Stop 1894
-37.71757,144.694016,tram,PTV Stop 1895
-37.654404,144.979108,tram,PTV Stop 1896
-37.741922,145.145652,tram,PTV Stop 1897
-38.19123,144.960618,bus,PTV Stop 1898
-37.67285,144.96247,tram,PTV Stop 1899
-37.650547,144.556022,bus,PTV Stop 1900
-38.090459,145.224964,tram,PTV Stop 1901
-37.911376,144.518718,bus,PTV Stop 1902
-37.820155,145.299535,tram,PTV Stop 1903
-38.253651,144.649305,train,PTV Stop 1904
-38.062593,144.875241,bus,PTV Stop 1905
-37.710316,145.070982,tram,PTV Stop 1906
-38.168835,144.616845,tram,PTV Stop 1907
-37.806314,144.814499,train,PTV Stop 1908
-38.109952,144.586798,train,PTV Stop 1909
-38.039891,145.329457,tram,PTV Stop 1910
-38.148702,144.802318,train,PTV Stop 1911
-38.038049,144.537395,train,PTV Stop 1912
-37.660652,144.943774,train,PTV Stop 1913
-37.740682,145.404956,train,PTV Stop 1914
-38.166852,145.423637,bus,PTV Stop 1915
-37.688285,144.810359,tram,PTV Stop 1916
-38.199693,145.371799,bus,PTV Stop 1917
-37.826298,144.632717,bus,PTV Stop 1918
-38.274413,144.887588,bus,PTV Stop 1919
-38.218915,144.810981,train,PTV Stop 1920
-37.819063,145.094288,train,PTV Stop 1921
-38.066697,145.389186,train,PTV Stop 1922
-37.935596,145.158984,tram,PTV Stop 1923
-38.284264,145.258494,bus,PTV Stop 1924
-37.675505,144.82088,train,PTV Stop 1925
-38.099403,145.032276,tram,PTV Stop 1926
-37.830213,144.772654,train,PTV Stop 1927
-38.108454,144.515257,bus,PTV Stop 1928
-37.908262,144.602375,bus,PTV Stop 1929
-38.054777,144.818485,train,PTV Stop 1930
-37.639706,145.304003,bus,PTV Stop 1931
-38.128622,144.571243,bus,PTV Stop 1932
-37.67543,145.040577,train,PTV Stop 1933
-38.208948,144.970736,bus,PTV Stop 1934
-38.264681,144.8836,train,PTV Stop 1935
-38.001474,144.678983,bus,PTV Stop 1936
-37.676107,145.129471,bus,PTV Stop 1937
-37.810444,145.116315,tram,PTV Stop 1938
-38.067368,144.698147,bus,PTV Stop 1939
-37.73349,144.578546,tram,PTV Stop 1940
-37.902547,144.592916,bus,PTV Stop 1941
-37.972207,144.955584,bus,PTV Stop 1942
-37.848907,145.266493,tram,PTV Stop 1943
-38.137814,144.723794,bus,PTV Stop 1944
-38.119363,144.863449,train,PTV Stop 1945
-37.81027,145.165181,tram,PTV Stop 1946
-37.982702,144.530264,tram,PTV Stop 1947
-38.220979,144.978652,train,PTV Stop 1948
-38.10242,144.848615,bus,PTV Stop 1949
-38.210824,144.602932,bus,PTV Stop 1950
-37.74227,144.82587,bus,PTV Stop 1951
-38.250353,144.802118,tram,PTV Stop 1952
-38.019428,144.913442,bus,PTV Stop 1953
-38.129416,144.65902,tram,PTV Stop 1954
-38.031328,144.840714,bus,PTV Stop 1955
-37.886321,145.284314,tram,PTV Stop 1956
-37.902952,144.842201,bus,PTV Stop 1957
-38.134692,145.162612,train,PTV Stop 1958
-37.782443,145.211909,tram,PTV Stop 1959
-38.219974,145.096075,tram,PTV Stop 1960
-37.911439,145.322023,train,PTV Stop 1961
-38.084375,144.905794,bus,PTV Stop 1962
-38.223879,145.314067,tram,PTV Stop 1963
-38.070814,145.144989,train,PTV Stop 1964
-38.236627,145.317034,bus,PTV Stop 1965
-37.667721,145.136133,train,PTV Stop 1966
-37.770046,145.160881,tram,PTV Stop 1967
-37.928121,144.889983,bus,PTV Stop 1968
-37.986988,144.705662,tram,PTV Stop 1969
-38.090185,145.294347,bus,PTV Stop 1970
-38.086815,145.443333,tram,PTV Stop 1971
-37.797546,145.415118,train,PTV Stop 1972
-37.892091,145.111491,bus,PTV Stop 1973
-38.017062,144.627556,tram,PTV Stop 1974
-38.256313,145.401076,train,PTV Stop 1975
-38.29941,145.06003,tram,PTV Stop 1976
-38.223211,144.782209,train,PTV Stop 1977
-38.135331,145.202222,tram,PTV Stop 1978
-37.86235,145.211774,tram,PTV Stop 1979
-38.032904,145.045119,bus,PTV Stop 1980
-38.178613,144.639069,bus,PTV Stop 1981
-38.030783,145.424482,tram,PTV Stop 1982
-38.192013,145.497456,bus,PTV Stop 1983
-38.212116,144.511603,bus,PTV Stop 1984
-38.289005,145.221339,tram,PTV Stop 1985
-37.839451,145.474975,train,PTV Stop 1986
-38.240736,145.142243,tram,PTV Stop 1987
-37.697893,145.393582,bus,PTV Stop 1988
-37.876899,144.925704,train,PTV Stop 1989
-37.981924,144.924125,tram,PTV Stop 1990
-38.0307,144.725741,tram,PTV Stop 1991
-37.876799,145.077939,bus,PTV Stop 1992
-38.134275,145.001729,tram,PTV Stop 1993
-37.651405,145.076352,train,PTV Stop 1994
-37.615237,145.06815,bus,PTV Stop 1995
-38.041995,145.080269,bus,PTV Stop 1996
-38.243956,145.230185,bus,PTV Stop 1997
-37.611495,145.483668,tram,PTV Stop 1998
-37.974545,144.578235,bus,PTV Stop 1999
-38.238088,144.972452,bus,PTV Stop 2000
